pkt_count,pkt_length,ratio_comm,icmp_perc,udp_perc,tcp_perc,type_2
-0.4433260678342329,-0.8393975324891638,0.423611003077773,-0.3741821250767383,0.2454657882463579,0.0262113408607429,1
-0.4434972565819641,-0.5715833809827003,1.1888285844392663,-0.3741821250767383,0.9316416577187028,-0.7087043227796475,1
-0.4432404734603674,-0.1512393153732181,-0.5329109736240938,-0.3741821250767383,0.9316416577187028,-0.7087043227796475,1
-0.4434972565819641,-0.8429447397938851,1.1888285844392663,-0.3741821250767383,0.9316416577187028,-0.7087043227796475,1
-0.4434972565819641,-0.1512393153732181,1.1888285844392663,-0.3741821250767383,0.9316416577187028,-0.7087043227796475,1
-0.4434972565819641,-0.1512393153732181,1.1888285844392663,-0.3741821250767383,0.9316416577187028,-0.7087043227796475,1
-0.4434972565819641,-0.1512393153732181,1.1888285844392663,-0.3741821250767383,0.9316416577187028,-0.7087043227796475,1
-0.4434972565819641,-0.6301123015106029,1.1888285844392663,-0.3741821250767383,0.9316416577187028,-0.7087043227796475,1
-0.4434972565819641,-0.1512393153732181,1.1888285844392663,-0.3741821250767383,0.9316416577187028,-0.7087043227796475,1
-0.4434972565819641,-0.1512393153732181,1.1888285844392663,-0.3741821250767383,0.9316416577187028,-0.7087043227796475,1
-0.4434972565819641,-0.1512393153732181,1.1888285844392663,-0.3741821250767383,0.9316416577187028,-0.7087043227796475,1
-0.4434972565819641,-0.1512393153732181,1.1888285844392663,-0.3741821250767383,0.9316416577187028,-0.7087043227796475,1
-0.4434972565819641,-0.1512393153732181,1.1888285844392663,-0.3741821250767383,0.9316416577187028,-0.7087043227796475,1
-0.4434116622080986,-0.6008478412466517,0.0410022123970263,-0.3741821250767383,0.9316416577187028,-0.7087043227796475,1
-0.4434972565819641,-0.1512393153732181,1.1888285844392663,-0.3741821250767383,0.9316416577187028,-0.7087043227796475,1
-0.4434972565819641,-0.1512393153732181,1.1888285844392663,-0.3741821250767383,0.9316416577187028,-0.7087043227796475,1
-0.4434972565819641,-0.6301123015106029,1.1888285844392663,-0.3741821250767383,0.9316416577187028,-0.7087043227796475,1
-0.4434972565819641,-0.1512393153732181,1.1888285844392663,-0.3741821250767383,0.9316416577187028,-0.7087043227796475,1
-0.4429836903387706,-0.594386856513052,-0.7788737676331453,-0.3741821250767383,0.9316416577187028,-0.7087043227796475,1
-0.4434972565819641,-0.539658515240208,1.1888285844392663,-0.3741821250767383,0.9316416577187028,-0.7087043227796475,1
-0.4434972565819641,-0.1512393153732181,1.1888285844392663,-0.3741821250767383,0.9316416577187028,-0.7087043227796475,1
-0.4434972565819641,-0.1512393153732181,1.1888285844392663,-0.3741821250767383,0.9316416577187028,-0.7087043227796475,1
-0.4434972565819641,-0.1512393153732181,1.1888285844392663,-0.3741821250767383,0.9316416577187028,-0.7087043227796475,1
-0.4434972565819641,-0.1512393153732181,1.1888285844392663,-0.3741821250767383,0.9316416577187028,-0.7087043227796475,1
-0.4429836903387706,3.599172293518617,-0.7788737676331453,-0.3741821250767383,0.9316416577187028,-0.7087043227796475,1
-0.4434116622080986,-0.6008478412466517,0.0410022123970263,-0.3741821250767383,0.9316416577187028,-0.7087043227796475,1
-0.4434972565819641,-0.6301123015106029,1.1888285844392663,-0.3741821250767383,0.9316416577187028,-0.7087043227796475,1
-0.4432404734603674,-0.7564815617413018,0.0410022123970263,-0.3741821250767383,0.4170097556144442,-0.1575175750493546,1
-0.4434972565819641,-0.1512393153732181,1.1888285844392663,-0.3741821250767383,0.9316416577187028,-0.7087043227796475,1
-0.4434972565819641,-0.4492047289698131,1.1888285844392663,-0.3741821250767383,0.9316416577187028,-0.7087043227796475,1
-0.4434972565819641,-0.1512393153732181,1.1888285844392663,-0.3741821250767383,0.9316416577187028,-0.7087043227796475,1
-0.4434972565819641,-0.1512393153732181,1.1888285844392663,-0.3741821250767383,0.9316416577187028,-0.7087043227796475,1
-0.4434972565819641,-0.1512393153732181,1.1888285844392663,-0.3741821250767383,0.9316416577187028,-0.7087043227796475,1
-0.4388751603932229,-0.6208250678400596,-1.0650850188436778,-0.3741821250767383,0.9316416577187028,-0.7087043227796475,1
-0.4434972565819641,-0.1512393153732181,1.1888285844392663,-0.3741821250767383,0.9316416577187028,-0.7087043227796475,1
-0.4434972565819641,-0.4492047289698131,1.1888285844392663,-0.3741821250767383,0.9316416577187028,-0.7087043227796475,1
-0.4434116622080986,-0.837623928836803,1.1888285844392663,-0.3741821250767383,-0.0976221464898142,0.3936691726809382,1
-0.4434972565819641,-0.6939620329955876,1.1888285844392663,-0.3741821250767383,0.9316416577187028,-0.7087043227796475,1
-0.4434972565819641,-0.1512393153732181,1.1888285844392663,-0.3741821250767383,0.9316416577187028,-0.7087043227796475,1
-0.4434972565819641,-0.1512393153732181,1.1888285844392663,-0.3741821250767383,0.9316416577187028,-0.7087043227796475,1
-0.4428980959649051,-0.1512393153732181,-0.8198675666346539,-0.3741821250767383,0.9316416577187028,-0.7087043227796475,1
-0.4129400651119529,-0.4808472053039687,-1.0875868461472993,-0.3741821250767383,0.9258915806002193,-0.7025458116318228,1
-0.4426413128433084,3.4388569503961453,-0.8981284556375337,-0.3741821250767383,0.9316416577187028,-0.7087043227796475,1
-0.4432404734603674,-0.1512393153732181,-0.5329109736240938,-0.3741821250767383,0.9316416577187028,-0.7087043227796475,1
-0.4434972565819641,-0.1512393153732181,1.1888285844392663,-0.3741821250767383,0.9316416577187028,-0.7087043227796475,1
-0.4423845297217116,2.3191372004148776,-0.9428489636391796,-0.3741821250767383,0.9316416577187028,-0.7087043227796475,1
-0.4434972565819641,-0.1512393153732181,1.1888285844392663,-0.3741821250767383,0.9316416577187028,-0.7087043227796475,1
-0.4434972565819641,-0.1512393153732181,1.1888285844392663,-0.3741821250767383,0.9316416577187028,-0.7087043227796475,1
-0.4434972565819641,-0.1512393153732181,1.1888285844392663,-0.3741821250767383,0.9316416577187028,-0.7087043227796475,1
-0.4434972565819641,-0.1512393153732181,1.1888285844392663,-0.3741821250767383,0.9316416577187028,-0.7087043227796475,1
-0.4430692847126362,-0.5520737408067328,-0.7242153689644671,-0.3741821250767383,0.9316416577187028,-0.7087043227796475,1
-0.4434972565819641,-0.6939620329955876,1.1888285844392663,-0.3741821250767383,0.9316416577187028,-0.7087043227796475,1
-0.4434972565819641,-0.1512393153732181,1.1888285844392663,-0.3741821250767383,0.9316416577187028,-0.7087043227796475,1
-0.4434972565819641,-0.1512393153732181,1.1888285844392663,-0.3741821250767383,0.9316416577187028,-0.7087043227796475,1
-0.4433260678342329,-0.1512393153732181,-0.3416065782837204,-0.3741821250767383,0.9316416577187028,-0.7087043227796475,1
-0.4434972565819641,-0.1512393153732181,1.1888285844392663,-0.3741821250767383,0.9316416577187028,-0.7087043227796475,1
-0.4434972565819641,-0.1512393153732181,1.1888285844392663,-0.3741821250767383,0.9316416577187028,-0.7087043227796475,1
-0.4434972565819641,-0.1512393153732181,1.1888285844392663,-0.3741821250767383,0.9316416577187028,-0.7087043227796475,1
-0.4433260678342329,-0.1512393153732181,-0.3416065782837204,-0.3741821250767383,0.9316416577187028,-0.7087043227796475,1
-0.4429836903387706,-0.1512393153732181,-0.7788737676331453,-0.3741821250767383,0.9316416577187028,-0.7087043227796475,1
-0.4434972565819641,-0.1512393153732181,1.1888285844392663,-0.3741821250767383,0.9316416577187028,-0.7087043227796475,1
-0.4429836903387706,-0.1512393153732181,-0.7788737676331453,-0.3741821250767383,0.9316416577187028,-0.7087043227796475,1
-0.4428125015910395,-0.6478483380342097,-0.3416065782837204,-0.3741821250767383,0.7029163678945877,-0.4637324348995173,1
-0.4432404734603674,-0.0315210688388719,-0.5329109736240938,-0.3741821250767383,0.9316416577187028,-0.7087043227796475,1
-0.4429836903387706,-0.1512393153732181,-0.7788737676331453,-0.3741821250767383,0.9316416577187028,-0.7087043227796475,1
-0.4432404734603674,-0.5888760165932171,-0.5329109736240938,-0.3741821250767383,0.9316416577187028,-0.7087043227796475,1
-0.4422133409739804,-0.6789972521787944,-0.8198675666346539,-0.3741821250767383,0.9316416577187028,-0.7087043227796475,1
-0.4434972565819641,-0.1512393153732181,1.1888285844392663,-0.3741821250767383,0.9316416577187028,-0.7087043227796475,1
-0.439474321010282,-0.0661063400599053,-1.0589980608101206,-0.3741821250767383,0.9316416577187028,-0.7087043227796475,1
-0.4434972565819641,-0.1512393153732181,1.1888285844392663,-0.3741821250767383,0.9316416577187028,-0.7087043227796475,1
-0.4434116622080986,-0.6008478412466517,0.0410022123970263,-0.3741821250767383,0.9316416577187028,-0.7087043227796475,1
-0.4434972565819641,-0.1512393153732181,1.1888285844392663,-0.3741821250767383,0.9316416577187028,-0.7087043227796475,1
-0.4434972565819641,-0.1512393153732181,1.1888285844392663,-0.3741821250767383,0.9316416577187028,-0.7087043227796475,1
-0.4434116622080986,-0.6008478412466517,0.0410022123970263,-0.3741821250767383,0.9316416577187028,-0.7087043227796475,1
-0.4434972565819641,-0.1512393153732181,1.1888285844392663,-0.3741821250767383,0.9316416577187028,-0.7087043227796475,1
-0.4428980959649051,-0.1512393153732181,-0.8198675666346539,-0.3741821250767383,0.9316416577187028,-0.7087043227796475,1
-0.4421277466001149,2.346411945657063,-0.7017089695126586,-0.3741821250767383,0.8105517984000534,-0.5790133233136961,1
-0.4434972565819641,-0.1512393153732181,1.1888285844392663,-0.3741821250767383,0.9316416577187028,-0.7087043227796475,1
-0.4434972565819641,-0.1512393153732181,1.1888285844392663,-0.3741821250767383,0.9316416577187028,-0.7087043227796475,1
-0.4434116622080986,-0.6008478412466517,0.0410022123970263,-0.3741821250767383,0.9316416577187028,-0.7087043227796475,1
-0.4434972565819641,-0.1512393153732181,1.1888285844392663,-0.3741821250767383,0.9316416577187028,-0.7087043227796475,1
-0.4430692847126362,-0.1512393153732181,-0.7242153689644671,-0.3741821250767383,0.9316416577187028,-0.7087043227796475,1
-0.4434972565819641,-0.1512393153732181,1.1888285844392663,-0.3741821250767383,0.9316416577187028,-0.7087043227796475,1
-0.4434116622080986,-0.6008478412466517,0.0410022123970263,-0.3741821250767383,0.9316416577187028,-0.7087043227796475,1
-0.4434972565819641,-0.4492047289698131,1.1888285844392663,-0.3741821250767383,0.9316416577187028,-0.7087043227796475,1
-0.4434972565819641,-0.1512393153732181,1.1888285844392663,-0.3741821250767383,0.9316416577187028,-0.7087043227796475,1
-0.4434972565819641,-0.1512393153732181,1.1888285844392663,-0.3741821250767383,0.9316416577187028,-0.7087043227796475,1
-0.4434972565819641,-0.1512393153732181,1.1888285844392663,-0.3741821250767383,0.9316416577187028,-0.7087043227796475,1
-0.4434972565819641,0.5298244871332847,1.1888285844392663,-0.3741821250767383,0.9316416577187028,-0.7087043227796475,1
-0.4434972565819641,-0.1512393153732181,1.1888285844392663,-0.3741821250767383,0.9316416577187028,-0.7087043227796475,1
-0.4428980959649051,-0.1512393153732181,-0.8198675666346539,-0.3741821250767383,0.9316416577187028,-0.7087043227796475,1
-0.4434972565819641,-0.4492047289698131,1.1888285844392663,-0.3741821250767383,0.9316416577187028,-0.7087043227796475,1
-0.4434972565819641,-0.1512393153732181,1.1888285844392663,-0.3741821250767383,0.9316416577187028,-0.7087043227796475,1
-0.4434972565819641,-0.1512393153732181,1.1888285844392663,-0.3741821250767383,0.9316416577187028,-0.7087043227796475,1
-0.4434972565819641,-0.8429447397938851,1.1888285844392663,-0.3741821250767383,0.9316416577187028,-0.7087043227796475,1
-0.4434116622080986,-0.1512393153732181,0.0410022123970263,-0.3741821250767383,0.9316416577187028,-0.7087043227796475,1
-0.4434972565819641,-0.1512393153732181,1.1888285844392663,-0.3741821250767383,0.9316416577187028,-0.7087043227796475,1
-0.4434972565819641,-0.1512393153732181,1.1888285844392663,-0.3741821250767383,0.9316416577187028,-0.7087043227796475,1
-0.4434972565819641,-0.1512393153732181,1.1888285844392663,-0.3741821250767383,0.9316416577187028,-0.7087043227796475,1
-0.4428980959649051,-0.1512393153732181,-0.8198675666346539,-0.3741821250767383,0.9316416577187028,-0.7087043227796475,1
-0.4434972565819641,-0.1512393153732181,1.1888285844392663,-0.3741821250767383,0.9316416577187028,-0.7087043227796475,1
-0.4434972565819641,-0.1512393153732181,1.1888285844392663,-0.3741821250767383,0.9316416577187028,-0.7087043227796475,1
-0.4434972565819641,-0.1512393153732181,1.1888285844392663,-0.3741821250767383,0.9316416577187028,-0.7087043227796475,1
-0.4434972565819641,-0.1512393153732181,1.1888285844392663,-0.3741821250767383,0.9316416577187028,-0.7087043227796475,1
-0.4434972565819641,-0.6301123015106029,1.1888285844392663,-0.3741821250767383,0.9316416577187028,-0.7087043227796475,1
-0.4434972565819641,-0.8429447397938851,1.1888285844392663,-0.3741821250767383,0.9316416577187028,-0.7087043227796475,1
-0.4434972565819641,-0.1512393153732181,1.1888285844392663,-0.3741821250767383,0.9316416577187028,-0.7087043227796475,1
-0.4434972565819641,-0.1512393153732181,1.1888285844392663,-0.3741821250767383,0.9316416577187028,-0.7087043227796475,1
-0.4433260678342329,-0.1512393153732181,-0.3416065782837204,-0.3741821250767383,0.9316416577187028,-0.7087043227796475,1
-0.4431548790865018,-0.2470139126006951,-0.6476936108283178,-0.3741821250767383,0.9316416577187028,-0.7087043227796475,1
-0.4434972565819641,-0.1512393153732181,1.1888285844392663,-0.3741821250767383,0.9316416577187028,-0.7087043227796475,1
-0.4434972565819641,-0.1512393153732181,1.1888285844392663,-0.3741821250767383,0.9316416577187028,-0.7087043227796475,1
-0.4432404734603674,-0.1512393153732181,-0.5329109736240938,-0.3741821250767383,0.9316416577187028,-0.7087043227796475,1
-0.4434972565819641,-0.1512393153732181,1.1888285844392663,-0.3741821250767383,0.9316416577187028,-0.7087043227796475,1
-0.4434972565819641,-0.1512393153732181,1.1888285844392663,-0.3741821250767383,0.9316416577187028,-0.7087043227796475,1
-0.4434972565819641,-0.1512393153732181,1.1888285844392663,-0.3741821250767383,0.9316416577187028,-0.7087043227796475,1
-0.4430692847126362,-0.6646975727316363,-0.7242153689644671,-0.3741821250767383,0.9316416577187028,-0.7087043227796475,1
-0.4434972565819641,-0.1512393153732181,1.1888285844392663,-0.3741821250767383,0.9316416577187028,-0.7087043227796475,1
-0.4432404734603674,-0.7564815617413018,0.0410022123970263,-0.3741821250767383,0.4170097556144442,-0.1575175750493546,1
-0.4434972565819641,-0.1512393153732181,1.1888285844392663,-0.3741821250767383,0.9316416577187028,-0.7087043227796475,1
-0.4434972565819641,-0.1512393153732181,1.1888285844392663,-0.3741821250767383,0.9316416577187028,-0.7087043227796475,1
-0.4434972565819641,-0.1512393153732181,1.1888285844392663,-0.3741821250767383,0.9316416577187028,-0.7087043227796475,1
-0.4430692847126362,-0.1512393153732181,-0.7242153689644671,-0.3741821250767383,0.9316416577187028,-0.7087043227796475,1
-0.4434972565819641,-0.1512393153732181,1.1888285844392663,-0.3741821250767383,0.9316416577187028,-0.7087043227796475,1
-0.4434972565819641,-0.6301123015106029,1.1888285844392663,-0.3741821250767383,0.9316416577187028,-0.7087043227796475,1
-0.4434972565819641,-0.1512393153732181,1.1888285844392663,-0.3741821250767383,0.9316416577187028,-0.7087043227796475,1
-0.4434972565819641,-0.1512393153732181,1.1888285844392663,-0.3741821250767383,0.9316416577187028,-0.7087043227796475,1
-0.4434116622080986,-0.7631325754376543,0.0410022123970263,-0.3741821250767383,-1.1268859506983313,1.496042668141524,1
-0.4128544707380874,-0.5616383554891013,-1.100429583756399,-0.3741821250767383,0.9316416577187028,-0.7087043227796475,1
-0.4431548790865018,-0.1512393153732181,-0.6476936108283178,-0.3741821250767383,0.9316416577187028,-0.7087043227796475,1
-0.4434116622080986,-0.3906758084419106,0.0410022123970263,-0.3741821250767383,0.9316416577187028,-0.7087043227796475,1
-0.4432404734603674,-0.1512393153732181,-0.5329109736240938,-0.3741821250767383,0.9316416577187028,-0.7087043227796475,1
-0.4434972565819641,-0.1512393153732181,1.1888285844392663,-0.3741821250767383,0.9316416577187028,-0.7087043227796475,1
-0.4430692847126362,-0.6646975727316363,-0.7242153689644671,-0.3741821250767383,0.9316416577187028,-0.7087043227796475,1
-0.4432404734603674,-0.1512393153732181,-0.5329109736240938,-0.3741821250767383,0.9316416577187028,-0.7087043227796475,1
-0.4434972565819641,-0.1512393153732181,1.1888285844392663,-0.3741821250767383,0.9316416577187028,-0.7087043227796475,1
-0.4434972565819641,-0.1512393153732181,1.1888285844392663,-0.3741821250767383,0.9316416577187028,-0.7087043227796475,1
-0.4429836903387706,-0.1512393153732181,-0.7788737676331453,-0.3741821250767383,0.9316416577187028,-0.7087043227796475,1
-0.442298935347846,1.8788274251188208,-0.6476936108283178,-0.3741821250767383,0.7944064838242336,-0.5617211900515693,1
-0.4434972565819641,-0.1512393153732181,1.1888285844392663,-0.3741821250767383,0.9316416577187028,-0.7087043227796475,1
-0.4185036994132155,-0.560197208729832,-1.0989891673445844,-0.3741821250767383,0.9316416577187028,-0.7087043227796475,1
-0.4434972565819641,-0.6301123015106029,1.1888285844392663,-0.3741821250767383,0.9316416577187028,-0.7087043227796475,1
-0.4434972565819641,-0.1512393153732181,1.1888285844392663,-0.3741821250767383,0.9316416577187028,-0.7087043227796475,1
-0.4434972565819641,-0.6301123015106029,1.1888285844392663,-0.3741821250767383,0.9316416577187028,-0.7087043227796475,1
-0.4434972565819641,-0.1512393153732181,1.1888285844392663,-0.3741821250767383,0.9316416577187028,-0.7087043227796475,1
-0.4434972565819641,-0.1512393153732181,1.1888285844392663,-0.3741821250767383,0.9316416577187028,-0.7087043227796475,1
-0.4432404734603674,-0.7564815617413018,0.0410022123970263,-0.3741821250767383,0.4170097556144442,-0.1575175750493546,1
-0.4428980959649051,-0.1512393153732181,-0.8198675666346539,-0.3741821250767383,0.9316416577187028,-0.7087043227796475,1
-0.4434972565819641,-0.1512393153732181,1.1888285844392663,-0.3741821250767383,0.9316416577187028,-0.7087043227796475,1
-0.4427269072171739,3.4371155940829183,-0.8772588852367658,-0.3741821250767383,0.9316416577187028,-0.7087043227796475,1
-0.440073481627341,-0.6843586180974395,-0.8268665079275943,-0.3741821250767383,0.8312256768203109,-0.6011556890761757,1
-0.4434116622080986,-0.1512393153732181,0.0410022123970263,-0.3741821250767383,0.9316416577187028,-0.7087043227796475,1
-0.4434972565819641,-0.1512393153732181,1.1888285844392663,-0.3741821250767383,0.9316416577187028,-0.7087043227796475,1
-0.4429836903387706,-0.1512393153732181,-0.7788737676331453,-0.3741821250767383,0.9316416577187028,-0.7087043227796475,1
-0.4434972565819641,-0.1512393153732181,1.1888285844392663,-0.3741821250767383,0.9316416577187028,-0.7087043227796475,1
-0.4434972565819641,-0.1512393153732181,1.1888285844392663,-0.3741821250767383,0.9316416577187028,-0.7087043227796475,1
-0.4434972565819641,-0.1512393153732181,1.1888285844392663,-0.3741821250767383,0.9316416577187028,-0.7087043227796475,1
-0.4434972565819641,-0.6301123015106029,1.1888285844392663,-0.3741821250767383,0.9316416577187028,-0.7087043227796475,1
-0.4434972565819641,-0.8429447397938851,1.1888285844392663,-0.3741821250767383,0.9316416577187028,-0.7087043227796475,1
-0.4434972565819641,-0.1512393153732181,1.1888285844392663,-0.3741821250767383,0.9316416577187028,-0.7087043227796475,1
-0.4429836903387706,-0.1512393153732181,-0.7788737676331453,-0.3741821250767383,0.9316416577187028,-0.7087043227796475,1
-0.4078899970538839,-0.5673854270141631,-1.1013189971893758,-0.3741821250767383,0.9316416577187028,-0.7087043227796475,1
-0.4430692847126362,-0.6469615362080295,-0.3416065782837204,-0.3741821250767383,0.5885537229825305,-0.3412464909594522,1
-0.4434972565819641,-0.2789387783431874,1.1888285844392663,-0.3741821250767383,0.9316416577187028,-0.7087043227796475,1
-0.4434972565819641,-0.6301123015106029,1.1888285844392663,-0.3741821250767383,0.9316416577187028,-0.7087043227796475,1
-0.4434972565819641,-0.1512393153732181,1.1888285844392663,-0.3741821250767383,0.9316416577187028,-0.7087043227796475,1
-0.4434972565819641,-0.8429447397938851,1.1888285844392663,-0.3741821250767383,0.9316416577187028,-0.7087043227796475,1
-0.4434972565819641,-0.1512393153732181,1.1888285844392663,-0.3741821250767383,0.9316416577187028,-0.7087043227796475,1
-0.4434972565819641,-0.1512393153732181,1.1888285844392663,-0.3741821250767383,0.9316416577187028,-0.7087043227796475,1
-0.4434116622080986,0.1892925858800332,0.0410022123970263,-0.3741821250767383,0.9316416577187028,-0.7087043227796475,1
-0.4434972565819641,-0.1512393153732181,1.1888285844392663,-0.3741821250767383,0.9316416577187028,-0.7087043227796475,1
-0.4434116622080986,-0.5715833809827003,0.0410022123970263,-0.3741821250767383,0.9316416577187028,-0.7087043227796475,1
-0.4434972565819641,-0.1512393153732181,1.1888285844392663,-0.3741821250767383,0.9316416577187028,-0.7087043227796475,1
-0.4434116622080986,-0.1512393153732181,0.0410022123970263,-0.3741821250767383,0.9316416577187028,-0.7087043227796475,1
-0.4434972565819641,-0.1512393153732181,1.1888285844392663,-0.3741821250767383,0.9316416577187028,-0.7087043227796475,1
-0.4428980959649051,-0.6055035508340985,-0.5329109736240938,-0.3741821250767383,0.9316416577187028,-0.7087043227796475,1
-0.4434116622080986,-0.7977178466586876,1.1888285844392663,-0.3741821250767383,-0.0976221464898142,0.3936691726809382,1
-0.4434116622080986,-0.1512393153732181,0.0410022123970263,-0.3741821250767383,0.9316416577187028,-0.7087043227796475,1
-0.4432404734603674,-0.1512393153732181,-0.5329109736240938,-0.3741821250767383,0.9316416577187028,-0.7087043227796475,1
-0.4428980959649051,-0.140597693459054,-0.8198675666346539,-0.3741821250767383,0.9316416577187028,-0.7087043227796475,1
-0.4434972565819641,-0.1512393153732181,1.1888285844392663,-0.3741821250767383,0.9316416577187028,-0.7087043227796475,1
-0.4433260678342329,2.0019155185926523,-0.3416065782837204,-0.3741821250767383,-1.1268859506983313,1.496042668141524,2
-0.4434972565819641,-0.4598463508839772,1.1888285844392663,2.7654122449915466,-1.1268859506983313,-0.7087043227796475,2
-0.4432404734603674,1.790856683961731,-0.5329109736240938,-0.3741821250767383,-1.1268859506983313,1.496042668141524,2
-0.4429836903387706,1.3454287952688626,-0.7788737676331453,-0.3741821250767383,-1.1268859506983313,1.496042668141524,2
-0.4431548790865018,-0.3087353197028469,-0.6476936108283178,-0.3741821250767383,-1.1268859506983313,1.496042668141524,2
-0.4421277466001149,0.249699439686906,-0.971785762934362,-0.3741821250767383,-1.1268859506983313,1.496042668141524,2
-0.4428980959649051,-0.1419278961983245,-0.5329109736240938,-0.3741821250767383,-0.8695699996462021,1.2204492942763776,2
-0.4428125015910395,7.074421964344211,-0.5966791054042183,-0.3741821250767383,0.9316416577187028,-0.7087043227796475,2
-0.4434972565819641,-0.4598463508839772,1.1888285844392663,2.7654122449915466,-1.1268859506983313,-0.7087043227796475,2
-0.4431548790865018,3.690386195640024,-0.6476936108283178,-0.3741821250767383,-1.1268859506983313,1.496042668141524,2
-0.4424701240955772,-0.0816594797806066,-0.9302354870233308,-0.3741821250767383,-1.1268859506983313,1.496042668141524,2
-0.4434972565819641,-0.4598463508839772,1.1888285844392663,2.7654122449915466,-1.1268859506983313,-0.7087043227796475,2
-0.4417853691046526,1.5683961115656335,-0.9975073623078576,-0.3741821250767383,-1.1268859506983313,1.496042668141524,2
-0.4422133409739804,0.9282202075448034,-0.963345863139934,-0.3741821250767383,-1.1268859506983313,1.496042668141524,2
-0.4427269072171739,0.8214049275813813,-0.8772588852367658,-0.3741821250767383,-1.1268859506983313,1.496042668141524,2
-0.4425557184694428,-0.1015784131071191,-0.9155197643048406,-0.3741821250767383,-1.1268859506983313,1.496042668141524,2
-0.4414429916091902,0.576009126240757,-1.0149980498818347,-0.3741821250767383,-1.1268859506983313,1.496042668141524,2
-0.4434972565819641,0.1573677201375409,1.1888285844392663,-0.3741821250767383,-1.1268859506983313,1.496042668141524,2
-0.4434972565819641,0.072234744824228,1.1888285844392663,-0.3741821250767383,0.9316416577187028,-0.7087043227796475,2
-0.4417853691046526,0.1196152995372923,-0.9975073623078576,-0.3741821250767383,-1.1268859506983313,1.496042668141524,2
-0.4432404734603674,0.0748951503027691,-0.5329109736240938,-0.3741821250767383,-1.1268859506983313,1.496042668141524,2
-0.4430692847126362,0.9501685527427668,-0.7242153689644671,-0.3741821250767383,-1.1268859506983313,1.496042668141524,2
-0.4421277466001149,0.0115149021375267,-0.971785762934362,-0.3741821250767383,-1.1268859506983313,1.496042668141524,2
-0.4434972565819641,0.1573677201375409,1.1888285844392663,-0.3741821250767383,-1.1268859506983313,1.496042668141524,2
-0.4434972565819641,0.072234744824228,1.1888285844392663,-0.3741821250767383,0.9316416577187028,-0.7087043227796475,2
-0.4434972565819641,0.072234744824228,1.1888285844392663,-0.3741821250767383,0.9316416577187028,-0.7087043227796475,2
-0.4434972565819641,0.072234744824228,1.1888285844392663,-0.3741821250767383,0.9316416577187028,-0.7087043227796475,2
-0.4427269072171739,0.6277274087435943,-0.8772588852367658,-0.3741821250767383,-1.1268859506983313,1.496042668141524,2
-0.4434116622080986,2.5357702179532184,0.0410022123970263,-0.3741821250767383,-1.1268859506983313,1.496042668141524,2
-0.4429836903387706,-0.2029271932420153,-0.7788737676331453,-0.3741821250767383,-1.1268859506983313,1.496042668141524,2
-0.4424701240955772,0.0186173421028626,-0.9302354870233308,-0.3741821250767383,-1.1268859506983313,1.496042668141524,2
-0.4428125015910395,-0.197353010334596,-0.8517516325247161,-0.3741821250767383,-1.1268859506983313,1.496042668141524,2
-0.4431548790865018,-0.4641029996496429,-0.6476936108283178,-0.3741821250767383,-1.1268859506983313,1.496042668141524,2
-0.4434972565819641,0.072234744824228,1.1888285844392663,-0.3741821250767383,0.9316416577187028,-0.7087043227796475,2
-0.4434972565819641,-0.9493609589355262,1.1888285844392663,-0.3741821250767383,-1.1268859506983313,-0.7087043227796475,2
-0.4428125015910395,0.8271986995124259,-0.8517516325247161,-0.3741821250767383,-1.1268859506983313,1.496042668141524,2
-0.441699774730787,0.2129943801433986,-1.002476307641374,-0.3741821250767383,-1.1268859506983313,1.496042668141524,2
-0.4434972565819641,-0.6301123015106029,1.1888285844392663,-0.3741821250767383,0.9316416577187028,-0.7087043227796475,2
-0.4434972565819641,-0.4598463508839772,1.1888285844392663,2.7654122449915466,-1.1268859506983313,-0.7087043227796475,2
-0.4429836903387706,1.3454287952688626,-0.7788737676331453,-0.3741821250767383,-1.1268859506983313,1.496042668141524,2
-0.4434116622080986,-0.4758087837552234,0.0410022123970263,-0.3741821250767383,0.9316416577187028,-0.7087043227796475,2
-0.4434972565819641,-0.4598463508839772,1.1888285844392663,2.7654122449915466,-1.1268859506983313,-0.7087043227796475,2
-0.4434972565819641,0.072234744824228,1.1888285844392663,-0.3741821250767383,0.9316416577187028,-0.7087043227796475,2
-0.4423845297217116,-0.0056771299044734,-0.9428489636391796,-0.3741821250767383,-1.1268859506983313,1.496042668141524,2
-0.4416141803569214,0.1455694001892286,-1.0070131707719756,-0.3741821250767383,-1.1268859506983313,1.496042668141524,2
-0.4427269072171739,-0.0336493932217048,-0.8772588852367658,-0.3741821250767383,-1.1268859506983313,1.496042668141524,2
-0.4434972565819641,-0.4598463508839772,1.1888285844392663,2.7654122449915466,-1.1268859506983313,-0.7087043227796475,2
-0.4434116622080986,0.269104750236264,0.0410022123970263,-0.3741821250767383,-1.1268859506983313,1.496042668141524,2
-0.4433260678342329,-0.1015784131071191,-0.3416065782837204,-0.3741821250767383,-1.1268859506983313,1.496042668141524,2
-0.4434116622080986,0.1573677201375409,0.0410022123970263,-0.3741821250767383,-1.1268859506983313,1.496042668141524,2
-0.4431548790865018,1.1087287192638122,-0.6476936108283178,-0.3741821250767383,-1.1268859506983313,1.496042668141524,2
-0.4434116622080986,-0.4758087837552234,0.0410022123970263,-0.3741821250767383,0.9316416577187028,-0.7087043227796475,2
-0.4432404734603674,1.5407785689788749,-0.5329109736240938,-0.3741821250767383,-1.1268859506983313,1.496042668141524,2
-0.4430692847126362,0.9501685527427668,-0.7242153689644671,-0.3741821250767383,-1.1268859506983313,1.496042668141524,2
-0.4434972565819641,0.072234744824228,1.1888285844392663,-0.3741821250767383,0.9316416577187028,-0.7087043227796475,2
-0.4425557184694428,0.3555679282888474,-0.9155197643048406,-0.3741821250767383,-1.1268859506983313,1.496042668141524,2
-0.4422133409739804,0.6525356898309895,-0.963345863139934,-0.3741821250767383,-1.1268859506983313,1.496042668141524,2
-0.4434972565819641,0.072234744824228,1.1888285844392663,-0.3741821250767383,0.9316416577187028,-0.7087043227796475,2
-0.4434972565819641,-0.1086728277165617,1.1888285844392663,-0.3741821250767383,0.9316416577187028,-0.7087043227796475,2
-0.4434972565819641,-0.6194706795964389,1.1888285844392663,-0.3741821250767383,-1.1268859506983313,1.496042668141524,2
-0.4434116622080986,-0.4758087837552234,0.0410022123970263,-0.3741821250767383,0.9316416577187028,-0.7087043227796475,2
-0.4429836903387706,1.3454287952688626,-0.7788737676331453,-0.3741821250767383,-1.1268859506983313,1.496042668141524,2
-0.4434972565819641,5.691011115502877,1.1888285844392663,-0.3741821250767383,-1.1268859506983313,1.496042668141524,2
-0.4432404734603674,-0.036841879795954,-0.5329109736240938,-0.3741821250767383,-1.1268859506983313,1.496042668141524,2
-0.4432404734603674,1.34656896904538,-0.5329109736240938,-0.3741821250767383,-1.1268859506983313,1.496042668141524,2
-0.4434972565819641,0.1573677201375409,1.1888285844392663,-0.3741821250767383,-1.1268859506983313,1.496042668141524,2
-0.4427269072171739,1.18641255923721,-0.8772588852367658,-0.3741821250767383,-1.1268859506983313,1.496042668141524,2
-0.4430692847126362,3.756009530777371,-0.7242153689644671,-0.3741821250767383,0.9316416577187028,-0.7087043227796475,2
-0.4429836903387706,1.3454287952688626,-0.7788737676331453,-0.3741821250767383,-1.1268859506983313,1.496042668141524,2
-0.4428980959649051,-0.5236960823689619,-0.5329109736240938,-0.3741821250767383,-0.8695699996462021,1.2204492942763776,2
-0.4429836903387706,-0.1755630226055931,-0.7788737676331453,-0.3741821250767383,-1.1268859506983313,1.496042668141524,2
-0.4434972565819641,5.691011115502877,1.1888285844392663,-0.3741821250767383,-1.1268859506983313,1.496042668141524,2
-0.4425557184694428,0.4176440561214715,-0.9155197643048406,-0.3741821250767383,-1.1268859506983313,1.496042668141524,2
-0.4433260678342329,1.4840232521033323,-0.3416065782837204,-0.3741821250767383,-1.1268859506983313,1.496042668141524,2
-0.4426413128433084,0.3024807462397786,-0.8981284556375337,-0.3741821250767383,-1.1268859506983313,1.496042668141524,2
-0.4434972565819641,0.072234744824228,1.1888285844392663,-0.3741821250767383,0.9316416577187028,-0.7087043227796475,2
-0.4429836903387706,1.3454287952688626,-0.7788737676331453,-0.3741821250767383,-1.1268859506983313,1.496042668141524,2
-0.4429836903387706,1.3454287952688626,-0.7788737676331453,-0.3741821250767383,-1.1268859506983313,1.496042668141524,2
-0.4429836903387706,6.34243039981992,-0.7788737676331453,-0.3741821250767383,0.9316416577187028,-0.7087043227796475,2
-0.4434972565819641,0.1573677201375409,1.1888285844392663,-0.3741821250767383,-1.1268859506983313,1.496042668141524,2
-0.4434972565819641,0.1573677201375409,1.1888285844392663,-0.3741821250767383,-1.1268859506983313,1.496042668141524,2
-0.4424701240955772,0.5916277528655456,-0.9302354870233308,-0.3741821250767383,-1.1268859506983313,1.496042668141524,2
-0.4434972565819641,0.1573677201375409,1.1888285844392663,-0.3741821250767383,-1.1268859506983313,1.496042668141524,2
-0.4434972565819641,0.072234744824228,1.1888285844392663,-0.3741821250767383,0.9316416577187028,-0.7087043227796475,2
-0.4432404734603674,2.9241894178202084,-0.5329109736240938,-0.3741821250767383,-1.1268859506983313,1.496042668141524,2
-0.4434972565819641,-0.4598463508839772,1.1888285844392663,2.7654122449915466,-1.1268859506983313,-0.7087043227796475,2
-0.4434972565819641,0.072234744824228,1.1888285844392663,-0.3741821250767383,0.9316416577187028,-0.7087043227796475,2
-0.4427269072171739,-0.0634459345813642,-0.8772588852367658,-0.3741821250767383,-1.1268859506983313,1.496042668141524,2
-0.4429836903387706,1.3454287952688626,-0.7788737676331453,-0.3741821250767383,-1.1268859506983313,1.496042668141524,2
-0.4431548790865018,-0.4396272692470654,-0.6476936108283178,-0.3741821250767383,-1.1268859506983313,1.496042668141524,2
-0.4434116622080986,2.9241894178202084,0.0410022123970263,-0.3741821250767383,-1.1268859506983313,1.496042668141524,2
-0.4431548790865018,3.477553757356742,-0.6476936108283178,-0.3741821250767383,-1.1268859506983313,1.496042668141524,2
-0.4434116622080986,3.461591324485496,0.0410022123970263,-0.3741821250767383,0.9316416577187028,-0.7087043227796475,2
-0.4430692847126362,0.1573677201375409,-0.7242153689644671,-0.3741821250767383,-1.1268859506983313,1.496042668141524,2
-0.4434116622080986,-0.6939620329955876,0.0410022123970263,-0.3741821250767383,0.9316416577187028,-0.7087043227796475,2
-0.4434972565819641,5.691011115502877,1.1888285844392663,-0.3741821250767383,-1.1268859506983313,1.496042668141524,2
-0.4434116622080986,-0.4758087837552234,0.0410022123970263,-0.3741821250767383,0.9316416577187028,-0.7087043227796475,2
-0.4428980959649051,0.7513032432218252,-0.8198675666346539,-0.3741821250767383,-1.1268859506983313,1.496042668141524,2
-0.4429836903387706,0.83691129094202,-0.7788737676331453,-0.3741821250767383,-1.1268859506983313,1.496042668141524,2
-0.4434972565819641,-0.6301123015106029,1.1888285844392663,-0.3741821250767383,0.9316416577187028,-0.7087043227796475,2
-0.4433260678342329,0.2868407867598708,1.1888285844392663,-0.3741821250767383,0.9316416577187028,-0.7087043227796475,2
-0.4434972565819641,-0.6194706795964389,1.1888285844392663,-0.3741821250767383,-1.1268859506983313,1.496042668141524,2
-0.4427269072171739,1.5221557306290874,-0.8772588852367658,-0.3741821250767383,-1.1268859506983313,1.496042668141524,2
-0.4428125015910395,0.2903879940645922,-0.8517516325247161,-0.3741821250767383,-1.1268859506983313,1.496042668141524,2
-0.4434972565819641,0.8331107116869617,1.1888285844392663,-0.3741821250767383,-1.1268859506983313,1.496042668141524,2
-0.4421277466001149,0.859714766472372,-0.971785762934362,-0.3741821250767383,-1.1268859506983313,1.496042668141524,2
-0.4420421522262493,0.6170266667076851,-0.8517516325247161,-0.3741821250767383,-0.8981606608742164,1.2510707802613936,2
-0.4434972565819641,-0.6194706795964389,1.1888285844392663,-0.3741821250767383,-1.1268859506983313,1.496042668141524,2
-0.4429836903387706,1.3454287952688626,-0.7788737676331453,-0.3741821250767383,-1.1268859506983313,1.496042668141524,2
-0.4434972565819641,0.072234744824228,1.1888285844392663,-0.3741821250767383,0.9316416577187028,-0.7087043227796475,2
-0.4434972565819641,0.072234744824228,1.1888285844392663,-0.3741821250767383,0.9316416577187028,-0.7087043227796475,2
-0.4429836903387706,1.3454287952688626,-0.7788737676331453,-0.3741821250767383,-1.1268859506983313,1.496042668141524,2
-0.4433260678342329,2.0019155185926523,-0.3416065782837204,-0.3741821250767383,-1.1268859506983313,1.496042668141524,2
-0.4425557184694428,-0.1015784131071191,-0.9155197643048406,-0.3741821250767383,-1.1268859506983313,1.496042668141524,2
-0.442298935347846,1.5343935958303758,-0.9537806433729152,-0.3741821250767383,-1.1268859506983313,1.496042668141524,2
-0.4431548790865018,1.264096399210608,-0.6476936108283178,-0.3741821250767383,-1.1268859506983313,1.496042668141524,2
-0.4432404734603674,2.4838923111216684,-0.5329109736240938,-0.3741821250767383,-1.1268859506983313,1.496042668141524,2
-0.4428980959649051,0.3695350570511878,-0.8198675666346539,-0.3741821250767383,-1.1268859506983313,1.496042668141524,2
-0.4426413128433084,1.325043870173548,-0.8981284556375337,-0.3741821250767383,-1.1268859506983313,1.496042668141524,2
-0.4425557184694428,0.8122708687717233,-0.9155197643048406,-0.3741821250767383,-1.1268859506983313,1.496042668141524,2
-0.4417853691046526,0.4943524140860709,-0.9975073623078576,-0.3741821250767383,-1.1268859506983313,1.496042668141524,2
-0.4428125015910395,-0.0152630353588987,-0.8517516325247161,-0.3741821250767383,-1.1268859506983313,1.496042668141524,2
-0.4434972565819641,0.072234744824228,1.1888285844392663,-0.3741821250767383,0.9316416577187028,-0.7087043227796475,2
-0.4428980959649051,1.34656896904538,-0.8198675666346539,-0.3741821250767383,-1.1268859506983313,1.496042668141524,2
-0.4434972565819641,-0.4598463508839772,1.1888285844392663,2.7654122449915466,-1.1268859506983313,-0.7087043227796475,2
-0.4428125015910395,-0.0152630353588987,-0.8517516325247161,-0.3741821250767383,-1.1268859506983313,1.496042668141524,2
-0.4434116622080986,-0.6194706795964389,0.0410022123970263,-0.3741821250767383,-1.1268859506983313,1.496042668141524,2
-0.4431548790865018,0.7458494119908161,-0.6476936108283178,-0.3741821250767383,0.519936136035296,-0.2677549245954131,2
-0.4428125015910395,0.3353192865910633,-0.8517516325247161,-0.3741821250767383,-1.1268859506983313,1.496042668141524,2
-0.4434116622080986,-0.2789387783431874,0.0410022123970263,-0.3741821250767383,0.9316416577187028,-0.7087043227796475,2
-0.4434972565819641,-0.4598463508839772,1.1888285844392663,2.7654122449915466,-1.1268859506983313,-0.7087043227796475,2
-0.4434972565819641,-0.4598463508839772,1.1888285844392663,2.7654122449915466,-1.1268859506983313,-0.7087043227796475,2
-0.4424701240955772,0.4168595775829275,-0.9302354870233308,-0.3741821250767383,-1.1268859506983313,1.496042668141524,2
-0.4434972565819641,-0.6301123015106029,1.1888285844392663,-0.3741821250767383,0.9316416577187028,-0.7087043227796475,2
-0.4422133409739804,0.7137250158374331,-0.963345863139934,-0.3741821250767383,-1.1268859506983313,1.496042668141524,2
-0.4425557184694428,0.8854320194316014,-0.9155197643048406,-0.3741821250767383,-1.1268859506983313,1.496042668141524,2
-0.4428980959649051,0.8191435829246213,-0.8198675666346539,-0.3741821250767383,-1.1268859506983313,1.496042668141524,2
-0.4426413128433084,0.4490449026030389,-0.8981284556375337,-0.3741821250767383,0.7445027842262453,-0.50827277815045,2
-0.4416141803569214,0.4315051542306816,-1.0070131707719756,-0.3741821250767383,-1.1268859506983313,1.496042668141524,2
-0.4434972565819641,0.072234744824228,1.1888285844392663,-0.3741821250767383,0.9316416577187028,-0.7087043227796475,2
-0.4434972565819641,0.1573677201375409,1.1888285844392663,-0.3741821250767383,-1.1268859506983313,1.496042668141524,2
-0.4426413128433084,-0.2663623160809934,-0.8981284556375337,-0.3741821250767383,-1.1268859506983313,1.496042668141524,2
-0.4430692847126362,0.4810503866933657,-0.7242153689644671,-0.3741821250767383,0.5885537229825305,-0.3412464909594522,2
-0.4428125015910395,0.937162125958788,-0.8517516325247161,-0.3741821250767383,-1.1268859506983313,1.496042668141524,2
-0.4434972565819641,0.072234744824228,1.1888285844392663,-0.3741821250767383,0.9316416577187028,-0.7087043227796475,2
-0.4431548790865018,-0.4641029996496429,-0.6476936108283178,-0.3741821250767383,-1.1268859506983313,1.496042668141524,2
-0.4434972565819641,0.1573677201375409,1.1888285844392663,-0.3741821250767383,-1.1268859506983313,1.496042668141524,2
-0.4434972565819641,0.072234744824228,1.1888285844392663,-0.3741821250767383,0.9316416577187028,-0.7087043227796475,2
-0.4423845297217116,0.7339155931299316,-0.9428489636391796,-0.3741821250767383,-1.1268859506983313,1.496042668141524,2
-0.4434972565819641,0.072234744824228,1.1888285844392663,-0.3741821250767383,0.9316416577187028,-0.7087043227796475,2
-0.4433260678342329,0.1573677201375409,-0.3416065782837204,-0.3741821250767383,-1.1268859506983313,1.496042668141524,2
-0.4428980959649051,0.5850279008130109,-0.8198675666346539,-0.3741821250767383,-1.1268859506983313,1.496042668141524,2
-0.4432404734603674,-0.0488137044493886,-0.5329109736240938,-0.3741821250767383,-1.1268859506983313,1.496042668141524,2
-0.4433260678342329,-0.360524546351779,-0.3416065782837204,-0.3741821250767383,-1.1268859506983313,1.496042668141524,2
-0.4434116622080986,2.9241894178202084,0.0410022123970263,-0.3741821250767383,-1.1268859506983313,1.496042668141524,2
-0.4434972565819641,0.1573677201375409,1.1888285844392663,-0.3741821250767383,-1.1268859506983313,1.496042668141524,2
-0.4434972565819641,0.072234744824228,1.1888285844392663,-0.3741821250767383,0.9316416577187028,-0.7087043227796475,2
-0.4426413128433084,0.2981273554567115,-0.8981284556375337,-0.3741821250767383,-1.1268859506983313,1.496042668141524,2
-0.4432404734603674,5.148288397880507,0.0410022123970263,-0.3741821250767383,0.9316416577187028,-0.7087043227796475,2
-0.4429836903387706,1.3454287952688626,-0.7788737676331453,-0.3741821250767383,-1.1268859506983313,1.496042668141524,2
-0.4424701240955772,0.4037621967654945,-0.9302354870233308,-0.3741821250767383,-1.1268859506983313,1.496042668141524,2
-0.4434116622080986,-0.6301123015106029,1.1888285844392663,-0.3741821250767383,0.9316416577187028,-0.7087043227796475,2
-0.4434972565819641,0.1573677201375409,1.1888285844392663,-0.3741821250767383,-1.1268859506983313,1.496042668141524,2
-0.4432404734603674,1.34656896904538,-0.5329109736240938,-0.3741821250767383,-1.1268859506983313,1.496042668141524,2
-0.4434972565819641,7.074421964344211,1.1888285844392663,-0.3741821250767383,0.9316416577187028,-0.7087043227796475,2
-0.4432404734603674,1.34656896904538,-0.5329109736240938,-0.3741821250767383,-1.1268859506983313,1.496042668141524,2
-0.4428980959649051,-0.2529998249274124,-0.8198675666346539,-0.3741821250767383,-1.1268859506983313,1.496042668141524,2
-0.4434972565819641,5.435612189562938,1.1888285844392663,-0.3741821250767383,-1.1268859506983313,1.496042668141524,2
-0.4428125015910395,0.6510207367112647,-0.8517516325247161,-0.3741821250767383,-1.1268859506983313,1.496042668141524,2
-0.4433260678342329,-0.1122200350212832,-0.3416065782837204,-0.3741821250767383,-1.1268859506983313,1.496042668141524,2
-0.4424701240955772,0.7062298350180819,-0.9302354870233308,-0.3741821250767383,-1.1268859506983313,1.496042668141524,2
-0.4430692847126362,0.4810503866933657,-0.7242153689644671,-0.3741821250767383,0.5885537229825305,-0.3412464909594522,2
-0.4418709634785182,1.318634711520699,-0.99204152244099,-0.3741821250767383,-1.1268859506983313,1.496042668141524,2
-0.442298935347846,0.4744880531796314,-0.9537806433729152,-0.3741821250767383,-1.1268859506983313,1.496042668141524,2
-0.4429836903387706,1.3454287952688626,-0.7788737676331453,-0.3741821250767383,-1.1268859506983313,1.496042668141524,2
-0.4434116622080986,-0.4758087837552234,0.0410022123970263,-0.3741821250767383,0.9316416577187028,-0.7087043227796475,2
-0.442298935347846,0.3467885902096621,-0.9537806433729152,-0.3741821250767383,-1.1268859506983313,1.496042668141524,2
-0.4434116622080986,-0.4758087837552234,0.0410022123970263,-0.3741821250767383,0.9316416577187028,-0.7087043227796475,2
-0.4426413128433084,1.5731871448083743,-0.8981284556375337,-0.3741821250767383,-1.1268859506983313,1.496042668141524,2
-0.4428125015910395,-0.1169496447609115,-0.8517516325247161,-0.3741821250767383,-1.1268859506983313,1.496042668141524,2
-0.4432404734603674,1.34656896904538,-0.5329109736240938,-0.3741821250767383,-1.1268859506983313,1.496042668141524,2
-0.4434116622080986,-0.4598463508839772,1.1888285844392663,2.7654122449915466,-1.1268859506983313,-0.7087043227796475,3
-0.4417853691046526,-0.5561276920121286,-0.9975073623078576,-0.3741821250767383,0.9316416577187028,-0.7087043227796475,3
-0.4430692847126362,0.7000904377599103,-0.7242153689644671,-0.3741821250767383,-1.1268859506983313,1.496042668141524,3
-0.4434972565819641,-0.0448230962315771,1.1888285844392663,-0.3741821250767383,0.9316416577187028,-0.7087043227796475,3
-0.4434972565819641,-0.0448230962315771,1.1888285844392663,-0.3741821250767383,0.9316416577187028,-0.7087043227796475,3
-0.4434116622080986,-0.0448230962315771,1.1888285844392663,-0.3741821250767383,0.9316416577187028,-0.7087043227796475,3
-0.4434972565819641,-0.9067944712788696,1.1888285844392663,-0.3741821250767383,0.9316416577187028,-0.7087043227796475,3
-0.4433260678342329,-0.692188429343227,0.423611003077773,-0.3741821250767383,0.2454657882463579,0.0262113408607429,3
-0.4434116622080986,-0.0448230962315771,1.1888285844392663,-0.3741821250767383,0.9316416577187028,-0.7087043227796475,3
-0.4434972565819641,-0.1246352605878079,1.1888285844392663,-0.3741821250767383,-1.1268859506983313,1.496042668141524,3
-0.4434972565819641,-0.0448230962315771,1.1888285844392663,-0.3741821250767383,0.9316416577187028,-0.7087043227796475,3
-0.4434116622080986,-0.7977178466586876,0.0410022123970263,-0.3741821250767383,0.9316416577187028,-0.7087043227796475,3
-0.4434972565819641,-0.8482655507509671,1.1888285844392663,-0.3741821250767383,-1.1268859506983313,1.496042668141524,3
-0.4434972565819641,-0.0448230962315771,1.1888285844392663,-0.3741821250767383,0.9316416577187028,-0.7087043227796475,3
-0.4434972565819641,-0.0448230962315771,1.1888285844392663,-0.3741821250767383,0.9316416577187028,-0.7087043227796475,3
-0.4434972565819641,-0.4598463508839772,1.1888285844392663,2.7654122449915466,-1.1268859506983313,-0.7087043227796475,3
-0.4433260678342329,-0.7578117644805722,-0.3416065782837204,0.6723493316126898,-1.1268859506983313,0.7611270045011334,3
-0.4431548790865018,-0.2076399115182879,-0.1885630620114216,-0.3741821250767383,-1.1268859506983313,1.496042668141524,3
-0.4434972565819641,-0.0448230962315771,1.1888285844392663,-0.3741821250767383,0.9316416577187028,-0.7087043227796475,3
-0.4428980959649051,0.1533771119197294,-0.8198675666346539,-0.3741821250767383,-1.1268859506983313,1.496042668141524,3
-0.4428980959649051,0.3941438077276923,-0.8198675666346539,-0.3741821250767383,0.1596938045623149,0.1180757988157918,3
-0.4434972565819641,-0.0448230962315771,1.1888285844392663,-0.3741821250767383,0.9316416577187028,-0.7087043227796475,3
-0.4433260678342329,-0.0448230962315771,0.423611003077773,-0.3741821250767383,0.9316416577187028,-0.7087043227796475,3
-0.4434972565819641,-0.0448230962315771,1.1888285844392663,-0.3741821250767383,0.9316416577187028,-0.7087043227796475,3
-0.4434116622080986,-0.0448230962315771,1.1888285844392663,-0.3741821250767383,0.9316416577187028,-0.7087043227796475,3
-0.4434116622080986,-0.0448230962315771,1.1888285844392663,-0.3741821250767383,0.9316416577187028,-0.7087043227796475,3
-0.4432404734603674,0.7027508432384514,-0.5329109736240938,-0.3741821250767383,-1.1268859506983313,1.496042668141524,3
-0.4434116622080986,-0.1512393153732181,0.0410022123970263,-0.3741821250767383,-1.1268859506983313,1.496042668141524,3
-0.4432404734603674,-0.241693101643613,-0.5329109736240938,-0.3741821250767383,0.9316416577187028,-0.7087043227796475,3
-0.4434972565819641,-0.0448230962315771,1.1888285844392663,-0.3741821250767383,0.9316416577187028,-0.7087043227796475,3
-0.4434972565819641,-0.0448230962315771,1.1888285844392663,-0.3741821250767383,0.9316416577187028,-0.7087043227796475,3
-0.4430692847126362,0.7000904377599103,-0.7242153689644671,-0.3741821250767383,-1.1268859506983313,1.496042668141524,3
-0.4433260678342329,-0.5449793261972901,-0.3416065782837204,0.6723493316126898,-1.1268859506983313,0.7611270045011334,3
-0.4434116622080986,1.8600272264037976,0.0410022123970263,-0.3741821250767383,0.9316416577187028,-0.7087043227796475,3
-0.4433260678342329,-0.7347549169998835,0.423611003077773,-0.3741821250767383,0.2454657882463579,0.0262113408607429,3
-0.4434116622080986,-0.0448230962315771,1.1888285844392663,-0.3741821250767383,0.9316416577187028,-0.7087043227796475,3
-0.4432404734603674,-0.241693101643613,-0.5329109736240938,-0.3741821250767383,0.9316416577187028,-0.7087043227796475,3
-0.4434972565819641,-0.8748696055363774,1.1888285844392663,-0.3741821250767383,-1.1268859506983313,-0.7087043227796475,3
-0.4434116622080986,-0.6301123015106029,0.0410022123970263,-0.3741821250767383,0.9316416577187028,-0.7087043227796475,3
-0.4434972565819641,-0.8748696055363774,1.1888285844392663,-0.3741821250767383,0.9316416577187028,-0.7087043227796475,3
-0.4434972565819641,-0.539658515240208,1.1888285844392663,-0.3741821250767383,0.9316416577187028,-0.7087043227796475,3
-0.4429836903387706,-0.3716729121666174,-0.4509233756210766,0.074331356361588,0.049415539825688,-0.0787766110878842,3
-0.4434116622080986,-0.6301123015106029,0.0410022123970263,-0.3741821250767383,0.9316416577187028,-0.7087043227796475,3
-0.4434116622080986,-0.0448230962315771,1.1888285844392663,-0.3741821250767383,0.9316416577187028,-0.7087043227796475,3
-0.4434972565819641,-0.0448230962315771,1.1888285844392663,-0.3741821250767383,0.9316416577187028,-0.7087043227796475,3
-0.4433260678342329,-0.7578117644805722,-0.3416065782837204,0.6723493316126898,-1.1268859506983313,0.7611270045011334,3
-0.4434116622080986,-0.8429447397938851,0.0410022123970263,-0.3741821250767383,0.9316416577187028,-0.7087043227796475,3
-0.4434972565819641,-0.0448230962315771,1.1888285844392663,-0.3741821250767383,0.9316416577187028,-0.7087043227796475,3
-0.4432404734603674,-0.241693101643613,-0.5329109736240938,-0.3741821250767383,0.9316416577187028,-0.7087043227796475,3
-0.4429836903387706,0.2531423173650179,-0.7788737676331453,-0.3741821250767383,-1.1268859506983313,1.496042668141524,3
-0.4432404734603674,-0.0448230962315771,0.0410022123970263,-0.3741821250767383,0.9316416577187028,-0.7087043227796475,3
-0.4434972565819641,-0.0448230962315771,1.1888285844392663,-0.3741821250767383,0.9316416577187028,-0.7087043227796475,3
-0.4434972565819641,-0.1246352605878079,1.1888285844392663,-0.3741821250767383,-1.1268859506983313,1.496042668141524,3
-0.4434116622080986,-0.0448230962315771,1.1888285844392663,-0.3741821250767383,0.9316416577187028,-0.7087043227796475,3
-0.4434972565819641,-0.0448230962315771,1.1888285844392663,-0.3741821250767383,0.9316416577187028,-0.7087043227796475,3
-0.4434972565819641,-0.0448230962315771,1.1888285844392663,-0.3741821250767383,0.9316416577187028,-0.7087043227796475,3
-0.4434972565819641,-0.1246352605878079,1.1888285844392663,-0.3741821250767383,-1.1268859506983313,1.496042668141524,3
-0.4434972565819641,-0.0448230962315771,1.1888285844392663,-0.3741821250767383,0.9316416577187028,-0.7087043227796475,3
-0.4434972565819641,-0.6726787891672594,1.1888285844392663,2.7654122449915466,-1.1268859506983313,-0.7087043227796475,3
-0.4434972565819641,-0.7152452768239158,1.1888285844392663,-0.3741821250767383,-1.1268859506983313,1.496042668141524,3
-0.4434972565819641,-0.0448230962315771,1.1888285844392663,-0.3741821250767383,0.9316416577187028,-0.7087043227796475,3
-0.4434116622080986,-0.0448230962315771,1.1888285844392663,-0.3741821250767383,0.9316416577187028,-0.7087043227796475,3
-0.4432404734603674,-0.4199402687058619,0.0410022123970263,0.4107164674403328,-0.6122540485940727,0.3936691726809382,3
-0.4428980959649051,0.3941438077276923,-0.8198675666346539,-0.3741821250767383,0.1596938045623149,0.1180757988157918,3
-0.4434972565819641,-0.4598463508839772,1.1888285844392663,2.7654122449915466,-1.1268859506983313,-0.7087043227796475,3
-0.4434972565819641,-0.0448230962315771,1.1888285844392663,-0.3741821250767383,0.9316416577187028,-0.7087043227796475,3
-0.4434972565819641,-0.0448230962315771,1.1888285844392663,-0.3741821250767383,0.9316416577187028,-0.7087043227796475,3
-0.4434116622080986,-0.2523347235577772,1.1888285844392663,1.195615059957404,-0.0976221464898142,-0.7087043227796475,3
-0.4433260678342329,-0.7578117644805722,-0.3416065782837204,0.6723493316126898,-1.1268859506983313,0.7611270045011334,3
-0.4430692847126362,0.6344671026225654,-0.7242153689644671,-0.3741821250767383,-1.1268859506983313,1.496042668141524,3
-0.4434972565819641,-0.0448230962315771,1.1888285844392663,-0.3741821250767383,0.9316416577187028,-0.7087043227796475,3
-0.4433260678342329,-0.5449793261972901,-0.3416065782837204,0.6723493316126898,-1.1268859506983313,0.7611270045011334,3
-0.4434116622080986,-0.6726787891672594,1.1888285844392663,2.7654122449915466,-1.1268859506983313,-0.7087043227796475,3
-0.4434972565819641,-0.0448230962315771,1.1888285844392663,-0.3741821250767383,0.9316416577187028,-0.7087043227796475,3
-0.4434972565819641,-0.0448230962315771,1.1888285844392663,-0.3741821250767383,0.9316416577187028,-0.7087043227796475,3
-0.4434972565819641,-0.0448230962315771,1.1888285844392663,-0.3741821250767383,0.9316416577187028,-0.7087043227796475,3
-0.4434972565819641,-0.0448230962315771,1.1888285844392663,-0.3741821250767383,0.9316416577187028,-0.7087043227796475,3
-0.4434116622080986,-0.6726787891672594,1.1888285844392663,2.7654122449915466,-1.1268859506983313,-0.7087043227796475,3
-0.4429836903387706,-0.2698173881310467,-0.122972983609008,-0.3741821250767383,-0.2446598328053167,0.551151100603879,3
-0.4434972565819641,-0.7152452768239158,1.1888285844392663,-0.3741821250767383,-1.1268859506983313,1.496042668141524,3
-0.4434972565819641,-0.0448230962315771,1.1888285844392663,-0.3741821250767383,0.9316416577187028,-0.7087043227796475,3
-0.4434972565819641,-0.0448230962315771,1.1888285844392663,-0.3741821250767383,0.9316416577187028,-0.7087043227796475,3
-0.4432404734603674,-0.7790950083089004,0.0410022123970263,0.4107164674403328,-0.6122540485940727,0.3936691726809382,3
-0.4434972565819641,-0.0448230962315771,1.1888285844392663,-0.3741821250767383,0.9316416577187028,-0.7087043227796475,3
-0.4434116622080986,-0.0448230962315771,1.1888285844392663,-0.3741821250767383,0.9316416577187028,-0.7087043227796475,3
-0.4434972565819641,-0.0448230962315771,1.1888285844392663,-0.3741821250767383,0.9316416577187028,-0.7087043227796475,3
-0.4434972565819641,-0.8110198740513928,1.1888285844392663,-0.3741821250767383,-1.1268859506983313,1.496042668141524,3
-0.4434116622080986,-0.7524909535234902,0.0410022123970263,-0.3741821250767383,0.9316416577187028,-0.7087043227796475,3
-0.4419565578523837,0.2069352748429895,-0.9860003310091886,-0.3741821250767383,-1.1268859506983313,1.496042668141524,3
-0.4430692847126362,-0.1831641811157104,-0.7242153689644671,-0.3741821250767383,-1.1268859506983313,1.496042668141524,3
-0.4429836903387706,-0.5609417590685363,-0.7788737676331453,-0.3741821250767383,-1.1268859506983313,1.496042668141524,3
-0.4434972565819641,-0.1246352605878079,1.1888285844392663,-0.3741821250767383,-1.1268859506983313,1.496042668141524,3
-0.4432404734603674,-0.241693101643613,-0.5329109736240938,-0.3741821250767383,0.9316416577187028,-0.7087043227796475,3
-0.4432404734603674,-0.241693101643613,-0.5329109736240938,-0.3741821250767383,0.9316416577187028,-0.7087043227796475,3
-0.4433260678342329,-0.7578117644805722,-0.3416065782837204,0.6723493316126898,-1.1268859506983313,0.7611270045011334,3
-0.4434972565819641,-0.4598463508839772,1.1888285844392663,2.7654122449915466,-1.1268859506983313,-0.7087043227796475,3
-0.4434972565819641,-0.0448230962315771,1.1888285844392663,-0.3741821250767383,0.9316416577187028,-0.7087043227796475,3
-0.4419565578523837,-0.1128734679458371,-0.7443526737371381,-0.3741821250767383,-0.5851681590096381,0.9158460915833208,3
-0.4434972565819641,-0.4598463508839772,1.1888285844392663,2.7654122449915466,-1.1268859506983313,-0.7087043227796475,3
-0.4428980959649051,0.3941438077276923,-0.8198675666346539,-0.3741821250767383,0.1596938045623149,0.1180757988157918,3
-0.4434116622080986,-0.5609417590685363,0.0410022123970263,-0.3741821250767383,-1.1268859506983313,1.496042668141524,3
-0.4429836903387706,-0.3519099000403128,-0.122972983609008,-0.3741821250767383,0.9316416577187028,-0.7087043227796475,3
-0.4434116622080986,-0.6301123015106029,0.0410022123970263,-0.3741821250767383,0.9316416577187028,-0.7087043227796475,3
-0.4434116622080986,-0.0448230962315771,1.1888285844392663,-0.3741821250767383,0.9316416577187028,-0.7087043227796475,3
-0.4434972565819641,-0.0448230962315771,1.1888285844392663,-0.3741821250767383,0.9316416577187028,-0.7087043227796475,3
-0.4434972565819641,-0.0448230962315771,1.1888285844392663,-0.3741821250767383,0.9316416577187028,-0.7087043227796475,3
-0.4434972565819641,-0.0448230962315771,1.1888285844392663,-0.3741821250767383,0.9316416577187028,-0.7087043227796475,3
-0.4434116622080986,-0.0448230962315771,1.1888285844392663,-0.3741821250767383,0.9316416577187028,-0.7087043227796475,3
-0.4434972565819641,-0.0448230962315771,1.1888285844392663,-0.3741821250767383,0.9316416577187028,-0.7087043227796475,3
-0.4434116622080986,-0.7977178466586876,0.0410022123970263,-0.3741821250767383,0.9316416577187028,-0.7087043227796475,3
-0.4431548790865018,0.9203720113831072,-0.6476936108283178,-0.3741821250767383,0.519936136035296,-0.2677549245954131,3
-0.4428980959649051,0.1307636653521306,-0.8198675666346539,-0.3741821250767383,-1.1268859506983313,1.496042668141524,3
-0.4432404734603674,-0.241693101643613,-0.5329109736240938,-0.3741821250767383,0.9316416577187028,-0.7087043227796475,3
-0.4434972565819641,-0.0448230962315771,1.1888285844392663,-0.3741821250767383,0.9316416577187028,-0.7087043227796475,3
-0.4434972565819641,-0.0448230962315771,1.1888285844392663,-0.3741821250767383,0.9316416577187028,-0.7087043227796475,3
-0.4434116622080986,-0.0448230962315771,1.1888285844392663,-0.3741821250767383,0.9316416577187028,-0.7087043227796475,3
-0.4433260678342329,-0.5449793261972901,-0.3416065782837204,0.6723493316126898,-1.1268859506983313,0.7611270045011334,3
-0.4434972565819641,-0.8482655507509671,1.1888285844392663,-0.3741821250767383,-1.1268859506983313,1.496042668141524,3
-0.4434972565819641,-0.4598463508839772,1.1888285844392663,2.7654122449915466,-1.1268859506983313,-0.7087043227796475,3
-0.442298935347846,-0.0795857278178465,-0.9537806433729152,-0.3741821250767383,-1.1268859506983313,1.496042668141524,3
-0.4429836903387706,1.339347868460769,-0.7788737676331453,-0.3741821250767383,-1.1268859506983313,1.496042668141524,3
-0.4434972565819641,-0.1246352605878079,1.1888285844392663,-0.3741821250767383,-1.1268859506983313,1.496042668141524,3
-0.4434972565819641,-0.0448230962315771,1.1888285844392663,-0.3741821250767383,0.9316416577187028,-0.7087043227796475,3
-0.4434972565819641,-0.0448230962315771,1.1888285844392663,-0.3741821250767383,0.9316416577187028,-0.7087043227796475,3
-0.4434972565819641,-0.0448230962315771,1.1888285844392663,-0.3741821250767383,0.9316416577187028,-0.7087043227796475,3
-0.4434972565819641,-0.7152452768239158,1.1888285844392663,-0.3741821250767383,-1.1268859506983313,1.496042668141524,3
-0.4432404734603674,-0.392006011181181,-0.5329109736240938,-0.3741821250767383,-1.1268859506983313,1.496042668141524,3
-0.4432404734603674,1.2694172101676902,-0.5329109736240938,-0.3741821250767383,-1.1268859506983313,1.496042668141524,3
-0.4434972565819641,-0.7418493316093261,1.1888285844392663,-0.3741821250767383,-1.1268859506983313,1.496042668141524,3
-0.4434972565819641,-0.0448230962315771,1.1888285844392663,-0.3741821250767383,0.9316416577187028,-0.7087043227796475,3
-0.4434972565819641,-0.7152452768239158,1.1888285844392663,-0.3741821250767383,-1.1268859506983313,1.496042668141524,3
-0.4434972565819641,-0.4598463508839772,1.1888285844392663,2.7654122449915466,-1.1268859506983313,-0.7087043227796475,3
-0.4432404734603674,-0.392006011181181,-0.5329109736240938,-0.3741821250767383,-1.1268859506983313,1.496042668141524,3
-0.4434972565819641,-0.0448230962315771,1.1888285844392663,-0.3741821250767383,0.9316416577187028,-0.7087043227796475,3
-0.4434116622080986,-0.6301123015106029,0.0410022123970263,-0.3741821250767383,0.9316416577187028,-0.7087043227796475,3
-0.4434116622080986,-0.0448230962315771,1.1888285844392663,-0.3741821250767383,0.9316416577187028,-0.7087043227796475,3
-0.4434972565819641,-0.0448230962315771,1.1888285844392663,-0.3741821250767383,0.9316416577187028,-0.7087043227796475,3
-0.4434972565819641,-0.0448230962315771,1.1888285844392663,-0.3741821250767383,0.9316416577187028,-0.7087043227796475,3
-0.4428980959649051,0.3941438077276923,-0.8198675666346539,-0.3741821250767383,0.1596938045623149,0.1180757988157918,3
-0.4434972565819641,-0.0448230962315771,1.1888285844392663,-0.3741821250767383,0.9316416577187028,-0.7087043227796475,3
-0.4433260678342329,-0.0448230962315771,0.423611003077773,-0.3741821250767383,0.9316416577187028,-0.7087043227796475,3
-0.4432404734603674,-0.0953708003238566,0.0410022123970263,-0.3741821250767383,0.9316416577187028,-0.7087043227796475,3
-0.4434116622080986,-0.3188448605213028,1.1888285844392663,-0.3741821250767383,-0.0976221464898142,0.3936691726809382,3
-0.4434116622080986,-0.5875458138539466,0.0410022123970263,-0.3741821250767383,-1.1268859506983313,1.496042668141524,3
-0.4434972565819641,-0.8482655507509671,1.1888285844392663,-0.3741821250767383,-1.1268859506983313,1.496042668141524,3
-0.4434972565819641,-0.0448230962315771,1.1888285844392663,-0.3741821250767383,0.9316416577187028,-0.7087043227796475,3
-0.4434972565819641,-0.0448230962315771,1.1888285844392663,-0.3741821250767383,0.9316416577187028,-0.7087043227796475,3
-0.4434116622080986,-0.0448230962315771,1.1888285844392663,-0.3741821250767383,0.9316416577187028,-0.7087043227796475,3
-0.4434116622080986,-0.0448230962315771,1.1888285844392663,-0.3741821250767383,0.9316416577187028,-0.7087043227796475,3
-0.4434116622080986,-0.1512393153732181,0.0410022123970263,-0.3741821250767383,-1.1268859506983313,1.496042668141524,3
-0.4434972565819641,-0.0448230962315771,1.1888285844392663,-0.3741821250767383,0.9316416577187028,-0.7087043227796475,3
-0.4434972565819641,-0.0448230962315771,1.1888285844392663,-0.3741821250767383,0.9316416577187028,-0.7087043227796475,3
-0.4434972565819641,-0.0448230962315771,1.1888285844392663,-0.3741821250767383,0.9316416577187028,-0.7087043227796475,3
-0.4434972565819641,-0.8429447397938851,1.1888285844392663,-0.3741821250767383,0.9316416577187028,-0.7087043227796475,3
-0.4423845297217116,0.0676740497181578,-0.9428489636391796,-0.3741821250767383,-1.1268859506983313,1.496042668141524,3
-0.4433260678342329,-0.7578117644805722,-0.3416065782837204,0.6723493316126898,-1.1268859506983313,0.7611270045011334,3
-0.4434116622080986,-0.0448230962315771,1.1888285844392663,-0.3741821250767383,0.9316416577187028,-0.7087043227796475,3
-0.4434972565819641,-0.0448230962315771,1.1888285844392663,-0.3741821250767383,0.9316416577187028,-0.7087043227796475,3
-0.4434116622080986,-0.0448230962315771,1.1888285844392663,-0.3741821250767383,0.9316416577187028,-0.7087043227796475,3
-0.4434972565819641,-0.0448230962315771,1.1888285844392663,-0.3741821250767383,0.9316416577187028,-0.7087043227796475,3
-0.4434972565819641,-0.0448230962315771,1.1888285844392663,-0.3741821250767383,0.9316416577187028,-0.7087043227796475,3
-0.4434972565819641,-0.0448230962315771,1.1888285844392663,-0.3741821250767383,0.9316416577187028,-0.7087043227796475,3
-0.4434116622080986,-0.1512393153732181,0.0410022123970263,-0.3741821250767383,-1.1268859506983313,1.496042668141524,3
-0.4420421522262493,0.1603237262248089,-0.8517516325247161,-0.3741821250767383,0.0167404984222432,0.2711832287408731,3
-0.4433260678342329,-0.5449793261972901,-0.3416065782837204,0.6723493316126898,-1.1268859506983313,0.7611270045011334,3
-0.4434972565819641,-0.0448230962315771,1.1888285844392663,-0.3741821250767383,0.9316416577187028,-0.7087043227796475,3
-0.4434972565819641,-0.8482655507509671,1.1888285844392663,-0.3741821250767383,-1.1268859506983313,1.496042668141524,3
-0.4434972565819641,-0.0448230962315771,1.1888285844392663,-0.3741821250767383,0.9316416577187028,-0.7087043227796475,3
-0.4434972565819641,-0.8748696055363774,1.1888285844392663,-0.3741821250767383,0.9316416577187028,-0.7087043227796475,3
-0.4434972565819641,-0.0448230962315771,1.1888285844392663,-0.3741821250767383,0.9316416577187028,-0.7087043227796475,3
-0.4433260678342329,0.6947696268028283,-0.3416065782837204,-0.3741821250767383,-1.1268859506983313,1.496042668141524,3
-0.4434972565819641,-0.0448230962315771,1.1888285844392663,-0.3741821250767383,0.9316416577187028,-0.7087043227796475,3
-0.4434972565819641,-0.0448230962315771,1.1888285844392663,-0.3741821250767383,0.9316416577187028,-0.7087043227796475,3
-0.4434116622080986,-0.7551513590020312,0.0410022123970263,-0.3741821250767383,0.9316416577187028,-0.7087043227796475,3
-0.4434972565819641,-0.0448230962315771,1.1888285844392663,-0.3741821250767383,0.9316416577187028,-0.7087043227796475,3
-0.4434972565819641,-0.4598463508839772,1.1888285844392663,2.7654122449915466,-1.1268859506983313,-0.7087043227796475,3
-0.4434116622080986,-0.0448230962315771,1.1888285844392663,-0.3741821250767383,0.9316416577187028,-0.7087043227796475,3
-0.4432404734603674,0.7107320596740745,-0.5329109736240938,-0.3741821250767383,-1.1268859506983313,1.496042668141524,3
-0.4434116622080986,-0.7977178466586876,0.0410022123970263,-0.3741821250767383,0.9316416577187028,-0.7087043227796475,3
-0.4434116622080986,-0.0448230962315771,1.1888285844392663,-0.3741821250767383,0.9316416577187028,-0.7087043227796475,3
-0.4428125015910395,-0.7371197218696977,-0.5966791054042183,0.3235055127162138,0.2454657882463579,-0.4637324348995173,3
2.3984927388768056,-0.4491763654130307,-1.1067550218080833,-0.3741821250767383,-1.1268859506983313,-0.7087043227796475,4
2.2852513822526466,-0.4481145643836439,-1.1067521527212123,2.7606852750168502,-1.1267568124900933,-0.7055231690648213,4
0.4757863187343382,-0.4482808566641658,-1.1066104316176482,-0.3741821250767383,0.9297251437922364,-0.7066516768519674,4
2.84897592853134,-0.4492047289698131,-1.1067644811482142,-0.3741821250767383,-1.1268859506983313,1.496042668141524,4
0.4669700982261838,-0.4492047289698131,-1.1066083622449427,-0.3741821250767383,0.9314481507053152,-0.7084970707594442,4
2.317349272452238,-0.4492047289698131,-1.1067529898552808,-0.3741821250767383,0.9316416577187028,-0.7087043227796475,4
3.0101501345202224,-0.4492001136443238,-1.106767266144741,2.76533443596131,-1.1268859506983313,-0.70864968220986,4
-0.3518256821719306,-0.4492047289698131,-1.1046826925331947,2.7654122449915466,-1.1268859506983313,-0.7087043227796475,4
1.9230159920535224,-0.4491979935224734,-1.1067411312266786,2.7652986931679697,-1.1268859506983313,-0.7086245822106966,4
2.837848659928815,-0.4492047289698131,-1.106764278779625,-0.3741821250767383,0.9316416577187028,-0.7087043227796475,4
0.4393231154676022,-0.4492047289698131,-1.1066016048469507,2.7654122449915466,-1.1268859506983313,-0.7087043227796475,4
-0.4244097112099403,-0.4492047289698131,-1.0965757098948368,2.7654122449915466,-1.1268859506983313,-0.7087043227796475,4
0.4669700982261838,-0.4492047289698131,-1.1066083622449427,-0.3741821250767383,0.9314481507053152,-0.7084970707594442,4
2.628228038332016,-0.44919005107512,-1.1067601925045516,-0.3741821250767383,0.931412218618344,-0.7084585863785194,4
2.91556835139876,-0.4491999836931283,-1.106765664225566,-0.3741821250767383,0.9315892044734888,-0.7086481437252221,4
2.845723342324448,-0.4487259404431902,-1.106764422135935,-0.3741821250767383,-1.1268859506983313,1.496042668141524,4
2.7009832561177567,-0.4492047289698131,-1.1067616724999123,-0.3741821250767383,-1.1268859506983313,1.496042668141524,4
2.328048569185435,-0.4491925693697136,-1.1067532645911982,-0.3741821250767383,-1.1268859506983313,-0.7087043227796475,4
2.7964209829778754,-0.4491805517715826,-1.1067635131246187,2.7647487109265967,-1.1268859506983313,-0.7082383629897399,4
2.3886493858822644,-0.4491822165477396,-1.1067547815212426,-0.3741821250767383,-1.1268859506983313,-0.7087043227796475,4
2.116630465737459,-0.4492047289698131,-1.1067474101970485,-0.3741821250767383,-1.1268859506983313,1.496042668141524,4
2.837848659928815,-0.4492047289698131,-1.106764278779625,-0.3741821250767383,0.9316416577187028,-0.7087043227796475,4
2.3728144267171323,-0.4491990692207402,-1.106754391448518,-0.3741821250767383,-1.1268859506983313,1.496042668141524,4
2.730770098222977,-0.4492047289698131,-1.1067622588539696,-0.3741821250767383,0.9316416577187028,-0.7087043227796475,4
0.0675867497693991,-0.4489908986567353,-1.1064397569754074,2.761206492318984,-1.1268859506983313,-0.7057508773798871,4
-0.3426670841683138,-0.4492047289698131,-1.1048770411175766,2.7654122449915466,-1.1268859506983313,-0.7087043227796475,4
1.605032893142902,-0.4492047289698131,-1.1067282436786356,-0.3741821250767383,0.9316416577187028,-0.7087043227796475,4
0.0657036735443564,-0.4492047289698131,-1.1064383356546117,-0.3741821250767383,-1.1268859506983313,1.496042668141524,4
1.640126586427789,-0.4491905220723351,-1.1067298590888517,-0.3741821250767383,0.93088061810008,-0.7078892257159647,4
2.749772049221136,-0.4491888983164349,-1.1067626271925477,-0.3741821250767383,-1.1268859506983313,1.496042668141524,4
1.6467173532154384,-0.4492047289698131,-1.1067301564207723,2.7654122449915466,-1.1268859506983313,-0.7087043227796475,4
-0.3648360269994984,-0.4492047289698131,-1.104328884923383,-0.3741821250767383,0.9316416577187028,-0.7087043227796475,4
0.2678775846148505,-0.4492047289698131,-1.1065479742813924,2.7654122449915466,-1.1268859506983313,-0.7087043227796475,4
1.640126586427789,-0.4491905220723351,-1.1067298590888517,-0.3741821250767383,0.93088061810008,-0.7078892257159647,4
2.116630465737459,-0.4492047289698131,-1.1067474101970485,-0.3741821250767383,-1.1268859506983313,1.496042668141524,4
-0.3913702828978274,-0.4492047289698131,-1.1030607944909772,2.7654122449915466,-1.1268859506983313,-0.7087043227796475,4
2.24202622345053,-0.4492047289698131,-1.1067509937622433,-0.3741821250767383,-1.1268859506983313,1.496042668141524,4
0.4734752706399676,-0.4492047289698131,-1.1066098930086556,2.7654122449915466,-1.1268859506983313,-0.7087043227796475,4
1.4364975710015802,-0.4492047289698131,-1.106719645520739,-0.3741821250767383,-1.1268859506983313,1.496042668141524,4
2.8278341181865425,-0.4492047289698131,-1.1067640954708529,-0.3741821250767383,-1.1268859506983313,1.496042668141524,4
0.0761461871559568,-0.4491705538006224,-1.1064460877176638,-0.3741821250767383,-1.1268859506983313,1.496042668141524,4
2.713736817823728,-0.4492047289698131,-1.106761924908204,2.7654122449915466,-1.1268859506983313,-0.7087043227796475,4
2.7659493858817297,-0.4491214338786908,-1.106762937340921,-0.3741821250767383,-1.1268859506983313,1.496042668141524,4
2.756961976625844,-0.4492047289698131,-1.106762765423346,-0.3741821250767383,-1.1268859506983313,1.496042668141524,4
0.4763854793513973,-0.449201758662245,-1.1066105708152842,2.7642438064466752,-1.1268859506983313,-0.7078837991507225,4
0.0342905383356894,-0.4492047289698131,-1.1064129734112744,-0.3741821250767383,0.9316416577187028,-0.7087043227796475,4
2.9927744766255104,-0.4487545136406178,-1.10676697846744,2.764239208013664,-1.1268859506983313,-0.707880569949702,4
2.759273024720214,-0.4492047289698131,-1.1067628097228728,2.7653283412429137,-1.1268859506983313,-0.7086454022582299,4
0.4007200528542268,-0.4492047289698131,-1.1065914292372572,-0.3741821250767383,-1.1268859506983313,1.496042668141524,4
0.4893102298050995,-0.4477977579469386,-1.1066135299778972,2.7593629302129945,-1.1265082045549388,-0.7048608332092737,4
2.75935861909408,-0.4492047289698131,-1.1067628113623682,-0.3741821250767383,-1.1268859506983313,1.496042668141524,4
-0.3811845524078237,-0.4492047289698131,-1.1036751161005165,-0.3741821250767383,0.9316416577187028,-0.7087043227796475,4
2.166874363196553,-0.4491986227207641,-1.1067488874062446,-0.3741821250767383,-1.1268859506983313,1.496042668141524,4
2.8094313278054432,-0.4491985688413534,-1.1067637556787862,-0.3741821250767383,-1.1268317860460904,1.4959846561170296,4
2.5463998169165234,-0.4491993978011568,-1.1067584418865948,-0.3741821250767383,0.9315237985861928,-0.7085780919889156,4
2.756961976625844,-0.4492047289698131,-1.106762765423346,-0.3741821250767383,-1.1268859506983313,1.496042668141524,4
1.1503555791689544,-0.4492047289698131,-1.1067008832654437,-0.3741821250767383,-1.1268859506983313,1.496042668141524,4
-0.3864914035874895,-0.4492047289698131,-1.1033824014082056,-0.3741821250767383,0.9316416577187028,-0.7087043227796475,4
0.0687850710035172,-0.4491229523897845,-1.106440656012724,-0.3741821250767383,0.929578315645448,-0.7064944193473843,4
2.75935861909408,-0.4492047289698131,-1.1067628113623682,-0.3741821250767383,-1.1268859506983313,1.496042668141524,4
2.232097276082123,-0.4491945162808359,-1.1067507222573674,-0.3741821250767383,0.9315099540969228,-0.7085632641110025,4
2.8094313278054432,-0.4491985688413534,-1.1067637556787862,-0.3741821250767383,-1.1268317860460904,1.4959846561170296,4
2.8032685328871216,-0.4491894396862257,-1.1067636410270163,-0.3741821250767383,0.931478855334888,-0.7085299563711703,4
0.4793812824366925,-0.4491874584158395,-1.106611264092577,2.765121083499377,-1.1268859506983313,-0.708499857696561,4
2.84897592853134,-0.4492047289698131,-1.1067644811482142,-0.3741821250767383,-1.1268859506983313,1.496042668141524,4
2.7321396082048266,-0.449184651520242,-1.1067622855482897,-0.3741821250767383,-1.1268859506983313,1.496042668141524,4
2.6200965728147856,-0.4491995260423273,-1.1067600227261492,-0.3741821250767383,-1.1268859506983313,1.496042668141524,4
2.6464596399653835,-0.4492047289698131,-1.1067605699179464,-0.3741821250767383,-1.1268859506983313,1.496042668141524,4
2.997653355935848,-0.4492047289698131,-1.1067670595371628,2.7654122449915466,-1.1268859506983313,-0.7087043227796475,4
2.6914822806186773,-0.4492047289698131,-1.1067614831294172,-0.3741821250767383,-1.1268859506983313,1.496042668141524,4
-0.3648360269994984,-0.4492047289698131,-1.104328884923383,-0.3741821250767383,0.9316416577187028,-0.7087043227796475,4
1.6467173532154384,-0.4492047289698131,-1.1067301564207723,2.7654122449915466,-1.1268859506983313,-0.7087043227796475,4
2.2344083241764934,-0.4492047289698131,-1.1067507856322345,2.765111200368853,-1.1268859506983313,-0.7084929173725211,4
0.0657036735443564,-0.4492047289698131,-1.1064383356546117,-0.3741821250767383,-1.1268859506983313,1.496042668141524,4
0.4448867497688648,-0.449178586257018,-1.1066029984945314,-0.3741821250767383,-1.1268859506983313,1.496042668141524,4
-0.3730530868905938,-0.4492047289698131,-1.1040381733053055,-0.3741821250767383,0.9316416577187028,-0.7087043227796475,4
2.506940810564492,-0.4490621038842529,-1.1067575630061814,-0.3741821250767383,0.930925045746291,-0.7079368091046436,4
2.877393260654712,-0.4492047289698131,-1.1067649918124325,-0.3741821250767383,-1.1268859506983313,1.496042668141524,4
2.252982303305324,-0.4492047289698131,-1.1067512910334794,-0.3741821250767383,0.9316416577187028,-0.7087043227796475,4
0.0677579385171303,-0.4491539612723653,-1.1064398856672957,-0.3741821250767383,-1.1268859506983313,1.496042668141524,4
0.517984345050068,-0.449170627279506,-1.106619810994325,-0.3741821250767383,0.931275176036592,-0.7083118095179559,4
0.484345756120896,-0.4491846059876861,-1.1066124030965483,-0.3741821250767383,0.9310720070568402,-0.7080942092317493,4
0.4671412869739149,-0.4482585847657906,-1.1066084028083638,2.7621664237442958,-1.1266924800584426,-0.7066321921490825,4
1.7889752025800283,-0.449197589132237,-1.1067361462746628,2.7652918756180056,-1.1268859506983313,-0.7086197946582303,4
0.0687850710035172,-0.4491229523897845,-1.106440656012724,-0.3741821250767383,0.929578315645448,-0.7064944193473843,4
-0.3730530868905938,-0.4492047289698131,-1.1040381733053055,-0.3741821250767383,0.9316416577187028,-0.7087043227796475,4
-0.3311974380703264,-0.4492047289698131,-1.1050757569459873,-0.3741821250767383,0.9316416577187028,-0.7087043227796475,4
0.4448867497688648,-0.449178586257018,-1.1066029984945314,-0.3741821250767383,-1.1268859506983313,1.496042668141524,4
2.8861238867890004,-0.448764986875085,-1.10676514695289,2.763475269981093,-1.1268330336111507,-0.7074007783774164,4
-0.3531951921537798,-0.4492047289698131,-1.1046502460618006,2.7654122449915466,-1.1268859506983313,-0.7087043227796475,4
-0.4226978237326288,-0.4492047289698131,-1.0974157467596215,-0.3741821250767383,0.9316416577187028,-0.7087043227796475,4
0.0677579385171303,-0.4491539612723653,-1.1064398856672957,-0.3741821250767383,-1.1268859506983313,1.496042668141524,4
2.6389273350652127,-0.4492047289698131,-1.1067604145325023,-0.3741821250767383,0.9316416577187028,-0.7087043227796475,4
-0.3947084634785849,-0.4492047289698131,-1.10280375203736,-0.3741821250767383,0.9316416577187028,-0.7087043227796475,4
2.252982303305324,-0.4492047289698131,-1.1067512910334794,-0.3741821250767383,0.9316416577187028,-0.7087043227796475,4
2.6464596399653835,-0.4492047289698131,-1.1067605699179464,-0.3741821250767383,-1.1268859506983313,1.496042668141524,4
-0.0762973926986366,-0.4492047289698131,-1.106289167162323,-0.3741821250767383,0.9316416577187028,-0.7087043227796475,4
1.28978881419598,-0.4491863369512957,-1.106710799675628,-0.3741821250767383,-1.1268859506983313,1.496042668141524,4
0.4893102298050995,-0.4477977579469386,-1.1066135299778972,2.7593629302129945,-1.1265082045549388,-0.7048608332092737,4
0.0657036735443564,-0.4492047289698131,-1.1064383356546117,-0.3741821250767383,-1.1268859506983313,1.496042668141524,4
-0.3169887720086405,-0.4492047289698131,-1.105271994165779,2.7654122449915466,-1.1268859506983313,-0.7087043227796475,4
-0.3852074879795058,-0.4492047289698131,-1.1034580999031545,2.7654122449915466,-1.1268859506983313,-0.7087043227796475,4
1.2170335964102394,-0.4491677046164702,-1.1067058331288444,-0.3741821250767383,-1.1268859506983313,1.496042668141524,4
-0.3929965760012734,-0.4492047289698131,-1.1029398064403333,2.7654122449915466,-1.1268859506983313,-0.7087043227796475,4
2.756961976625844,-0.4492047289698131,-1.106762765423346,-0.3741821250767383,-1.1268859506983313,1.496042668141524,4
0.517984345050068,-0.449170627279506,-1.106619810994325,-0.3741821250767383,0.931275176036592,-0.7083118095179559,4
1.6250619766274472,-0.4491884371785676,-1.1067291723585504,-0.3741821250767383,0.931471306211882,-0.7085218710260128,4
2.84897592853134,-0.4491998877192997,-1.1067644811482142,2.765330627127661,-1.1268859506983313,-0.7086470074966537,4
0.4224610238160834,-0.4492047289698131,-1.106597271649159,-0.3741821250767383,-1.1268859506983313,1.496042668141524,4
2.3886493858822644,-0.4491822165477396,-1.1067547815212426,-0.3741821250767383,-1.1268859506983313,-0.7087043227796475,4
1.5322776753571612,-0.4482128969845279,-1.1067247118569583,-0.3741821250767383,0.9303932004964778,-0.7073671863270008,4
2.7009832561177567,-0.4492047289698131,-1.1067616724999123,-0.3741821250767383,-1.1268859506983313,1.496042668141524,4
2.898535070999509,-0.4491859236655036,-1.106765366100572,-0.3741821250767383,0.931430775414916,-0.7084784612838813,4
-0.4102010451482545,-0.4492047289698131,-1.100937870557818,-0.3741821250767383,0.9316416577187028,-0.7087043227796475,4
2.5463998169165234,-0.4491993978011568,-1.1067584418865948,-0.3741821250767383,0.9315237985861928,-0.7085780919889156,4
2.845723342324448,-0.4487259404431902,-1.106764422135935,-0.3741821250767383,-1.1268859506983313,1.496042668141524,4
2.366566037424945,-0.4491990566362414,-1.1067542363183556,-0.3741821250767383,0.931578956990476,-0.7086371683527057,4
0.0431923532177095,-0.4492047289698131,-1.106420492906321,-0.3741821250767383,-1.1268859506983313,1.496042668141524,4
-0.3858922429704304,-0.4492047289698131,-1.1034181466717947,-0.3741821250767383,0.9316416577187028,-0.7087043227796475,4
-0.3947084634785849,-0.4492047289698131,-1.10280375203736,-0.3741821250767383,0.9316416577187028,-0.7087043227796475,4
0.0842776526731867,-0.4448407494301796,-1.1064519117541671,2.75472123124557,-1.1268859506983313,-0.7011966712782132,4
0.0842776526731867,-0.4448407494301796,-1.1064519117541671,2.75472123124557,-1.1268859506983313,-0.7011966712782132,4
2.941760229801626,-0.4492000204066037,-1.1067661167956253,2.7652534831716142,-1.1268859506983313,-0.7085928339681928,4
2.891088360473204,-0.4491987196861531,-1.106765234807716,-0.3741821250767383,0.9315888194115486,-0.708647731311927,4
0.4343586417833987,-0.4492047289698131,-1.106600346371929,-0.3741821250767383,-1.1268859506983313,1.496042668141524,4
0.1025948486804203,-0.4492047289698131,-1.1064643958551992,-0.3741821250767383,0.9316416577187028,-0.7087043227796475,4
2.317349272452238,-0.4492047289698131,-1.1067529898552808,-0.3741821250767383,0.9316416577187028,-0.7087043227796475,4
2.8294604112899884,-0.4492047289698131,-1.1067641253152345,-0.3741821250767383,-1.1268859506983313,1.496042668141524,4
-0.4252656549485961,-0.4492047289698131,-1.0960968103737911,-0.3741821250767383,0.9316416577187028,-0.7087043227796475,4
0.1726110465024627,-0.4492047289698131,-1.1065052746967372,2.7654122449915466,-1.1268859506983313,-0.7087043227796475,4
2.166874363196553,-0.4491986227207641,-1.1067488874062446,-0.3741821250767383,-1.1268859506983313,1.496042668141524,4
0.0053596399691242,-0.4492047289698131,-1.10638647561393,-0.3741821250767383,0.9316416577187028,-0.7087043227796475,4
2.35021751201662,-0.4492047289698131,-1.106753827146927,2.7654122449915466,-1.1268859506983313,-0.7087043227796475,4
2.361943941236204,-0.4492047289698131,-1.106754121119904,-0.3741821250767383,-1.1268859506983313,-0.7087043227796475,4
1.5322776753571612,-0.4482128969845279,-1.1067247118569583,-0.3741821250767383,0.9303932004964778,-0.7073671863270008,4
2.660839494774801,-0.4492047289698131,-1.1067608644690556,2.7654122449915466,-1.1268859506983313,-0.7087043227796475,4
0.0675867497693991,-0.4489908986567353,-1.1064397569754074,2.761206492318984,-1.1268859506983313,-0.7057508773798871,4
1.7481466862461477,-0.4491984951055348,-1.106734506722302,2.7646765749837203,-1.1268859506983313,-0.708187706285641,4
-0.3888880460557257,-0.4492047289698131,-1.1032315888406998,-0.3741821250767383,0.9316416577187028,-0.7087043227796475,4
-0.3953932184695096,-0.4492047289698131,-1.1027466236876926,2.7654122449915466,-1.1268859506983313,-0.7087043227796475,4
2.0298377706377635,-0.4491982844121256,-1.106744717047571,2.7653035972298388,-1.1268859506983313,-0.7086280260363551,4
2.232097276082123,-0.4491945162808359,-1.1067507222573674,-0.3741821250767383,0.9315099540969228,-0.7085632641110025,4
1.5322776753571612,-0.4482128969845279,-1.1067247118569583,-0.3741821250767383,0.9303932004964778,-0.7073671863270008,4
-0.0632870478710688,-0.4492047289698131,-1.1063074698536126,-0.3741821250767383,0.9316416577187028,-0.7087043227796475,4
0.0608247942340185,-0.4491713215363476,-1.106434603774845,2.764879478256425,-1.1268859506983313,-0.7083301929661533,4
0.0608247942340185,-0.4491713215363476,-1.106434603774845,2.764879478256425,-1.1268859506983313,-0.7083301929661533,4
-0.3929965760012734,-0.4492047289698131,-1.1029398064403333,2.7654122449915466,-1.1268859506983313,-0.7087043227796475,4
0.0768309421468815,-0.4491740993014748,-1.1064465851807264,-0.3741821250767383,0.9313030840988972,-0.7083416999192985,4
-0.052502156764006,-0.4492047289698131,-1.1063217186856855,-0.3741821250767383,0.9316416577187028,-0.7087043227796475,4
-0.4244097112099403,-0.4492047289698131,-1.0965757098948368,2.7654122449915466,-1.1268859506983313,-0.7087043227796475,4
-0.3852074879795058,-0.4492047289698131,-1.1034580999031545,2.7654122449915466,-1.1268859506983313,-0.7087043227796475,4
0.0657036735443564,-0.4492047289698131,-1.1064383356546117,-0.3741821250767383,-1.1268859506983313,1.496042668141524,4
2.7040646535769173,-0.4491571261307181,-1.106761733671861,-0.3741821250767383,-1.1268859506983313,1.496042668141524,4
2.789659027442495,-0.4491992354656218,-1.1067633862893584,-0.3741821250767383,-1.1268859506983313,1.496042668141524,4
1.2170335964102394,-0.4491677046164702,-1.1067058331288444,-0.3741821250767383,-1.1268859506983313,1.496042668141524,4
2.91556835139876,-0.4491999836931283,-1.106765664225566,-0.3741821250767383,0.9315892044734888,-0.7086481437252221,4
0.4757863187343382,-0.4482808566641658,-1.1066104316176482,-0.3741821250767383,0.9297251437922364,-0.7066516768519674,4
2.265136704394236,-0.449198844232927,-1.1067516180050672,-0.3741821250767383,0.9315766091309372,-0.7086346537222336,4
0.0657036735443564,-0.4492047289698131,-1.1064383356546117,-0.3741821250767383,-1.1268859506983313,1.496042668141524,4
2.361943941236204,-0.4492047289698131,-1.106754121119904,-0.3741821250767383,-1.1268859506983313,-0.7087043227796475,4
2.367764358659063,-0.4488996875013343,-1.1067542661227878,-0.3741821250767383,0.9307015476828904,-0.7076974357385812,4
2.2344083241764934,-0.4492047289698131,-1.1067507856322345,2.765111200368853,-1.1268859506983313,-0.7084929173725211,4
-0.3949652466001817,-0.4492047289698131,-1.1027825174901356,-0.3741821250767383,0.9316416577187028,-0.7087043227796475,4
2.730770098222977,-0.4492047289698131,-1.1067622588539696,-0.3741821250767383,0.9316416577187028,-0.7087043227796475,4
-0.381526929903286,-0.4492047289698131,-1.1036577420671665,2.7654122449915466,-1.1268859506983313,-0.7087043227796475,4
1.7481466862461477,-0.4491984951055348,-1.106734506722302,2.7646765749837203,-1.1268859506983313,-0.708187706285641,4
-0.052502156764006,-0.4492047289698131,-1.1063217186856855,-0.3741821250767383,0.9316416577187028,-0.7087043227796475,4
-0.4262071930611175,-0.4492047289698131,-1.0955155254379012,-0.3741821250767383,0.9316416577187028,-0.7087043227796475,4
2.730770098222977,-0.4492047289698131,-1.1067622588539696,-0.3741821250767383,0.9316416577187028,-0.7087043227796475,4
2.694820461199435,-0.4492047289698131,-1.106761549795651,-0.3741821250767383,-1.1268859506983313,1.496042668141524,4
2.6464596399653835,-0.4492047289698131,-1.1067605699179464,-0.3741821250767383,-1.1268859506983313,1.496042668141524,4
0.0670731835262056,-0.4492047289698131,-1.106439370382042,2.7643597493931327,-1.1268859506983313,-0.707965218860465,4
-0.392654198505811,-0.4492047289698131,-1.1029659197391897,2.7654122449915466,-1.1268859506983313,-0.7087043227796475,4
0.0694698259944418,-0.4492047289698131,-1.1064411678627508,2.7654122449915466,-1.1268859506983313,-0.7087043227796475,4
2.5463998169165234,-0.4491993978011568,-1.1067584418865948,-0.3741821250767383,0.9315237985861928,-0.7085780919889156,4
2.359718487515699,-0.4492047289698131,-1.1067540655184975,-0.3741821250767383,-1.1268859506983313,-0.7087043227796475,4
0.1726110465024627,-0.4492047289698131,-1.1065052746967372,2.7654122449915466,-1.1268859506983313,-0.7087043227796475,4
-0.3680886132063903,-0.4492047289698131,-1.1042213787562292,2.7654122449915466,-1.1268859506983313,-0.7087043227796475,4
-0.381526929903286,-0.4492047289698131,-1.1036577420671665,2.7654122449915466,-1.1268859506983313,-0.7087043227796475,4
2.877393260654712,-0.4492047289698131,-1.1067649918124325,-0.3741821250767383,-1.1268859506983313,1.496042668141524,4
2.1016514503109827,-0.449155700781683,-1.1067469585171508,-0.3741821250767383,-1.1268859506983313,1.496042668141524,4
